track_id,track_name,artist_name,genre,popularity,duration_ms,explicit,danceability,energy,tempo,release_date
3n3Pp770487xV,HUMBLE.,Dua Lipa,Rap,97,230821,True,0.765,0.4,124.7,2025-01-10
3n3Pp216739xV,Umbrella,The Weeknd,Hip-Hop,72,271463,False,0.582,0.866,123.6,2016-05-12
3n3Pp126225xV,Sugar,Kendrick Lamar,Rap,53,219470,False,0.561,0.496,76.5,2019-06-23
3n3Pp877572xV,Blinding Lights,Dua Lipa,EDM,56,181434,False,0.923,0.533,120.0,2021-04-11
3n3Pp388389xV,One Dance,Justin Bieber,EDM,77,173703,true,0.74,0.847,166.6,2015-03-02
3n3Pp356787xV,Blinding Lights,Kendrick Lamar,Hip-Hop,64,191317,False,0.661,0.507,101.0,2015-01-22
3n3Pp334053xV,Bad Guy,Eminem,Indie,54,229748,False,0.709,0.62,120.6,2020-04-10
3n3Pp246316xV,Lose Yourself,Coldplay,R&B,71,160572,False,0.814,0.526,98.4,2022-05-20
3n3Pp872246xV,Shape of You,Billie Eilish,,88,206366,False,0.757,0.803,172.4,2016-07-06
3n3Pp207473xV,Dynamite,,R&B,99,235929,False,0.463,0.444,174.4,2019-08-12
3n3Pp809570xV,Sugar,Billie Eilish,Hip-Hop,89,unknown,True,0.59,0.672,170.9,2020-05-04
3n3Pp876646xV,Bléeding Love,Maroon 5,Rap,88,173910,True,0.532,0.81,169.3,2016-11-01
3n3Pp671858xV,Uptown Funk,Billie Eilish,Pop,75,215069,True,0.753,0.673,118.9,2025-09-25
3n3Pp191161xV,Tití Me Preguntó,BTS,Hip-Hop,99,243255,True,0.905,0.724,79.6,2017-06-12
3n3Pp719176xV,Circles,The Weeknd,Indie,70,253873,False,0.534,0.975,179.1,2020-12-25
3n3Pp542417xV,  SICKO MODE ,Beyoncé,Reggaeton,51,284600,False,0.422,0.773,152.0,2024-09-20
3n3Pp133326xV,Circles,Eminem,Reggaeton,90,162832,False,0.887,0.754,127.9,2020-04-21
3n3Pp131244xV,Tití Me Preguntó,Drake,EDM,67,228339,True,0.61,0.556,119.7,2019-04-19
3n3Pp198246xV,Anti-Hero,Travis Scott,Pop,100,218201,False,0.838,0.916,116.4,2021-02-04
3n3Pp329258xV,SICKO MODE,Bruno Mars,Hip-Hop,78,195578,True,0.462,0.658,160.0,2017-11-24
3n3Pp343962xV,Uptown Funk,Kendrick Lamar,EDM,81,158147,False,0.541,0.474,148.1,2024-02-02
3n3Pp629903xV,Sugar,BTS,R&B,64,256008,No,0.798,0.341,85.3,2024-11-27
3n3Pp731262xV,Umbrella,Travis Scott,K-Pop,72,268541,False,0.414,0.436,127.0,2018-04-23
3n3Pp127824xV,One Dance,Kendrick Lamar,Indie,85,295739,True,0.684,0.774,83.7,2022
3n3Pp688508xV,Tití Me Preguntó,Kendrick Lamar,Indie,74,294210,False,0.824,0.484,154.1,2023-10-11
3n3Pp308496xV,HUMBLE.,Rihanna,R&B,Not Available,215497,False,0.683,0.616,147.8,2019-12-16
3n3Pp850800xV,Sugar,The Weeknd,,61,174831,true,0.68,0.943,117.7,2018-09-24
3n3Pp781453xV,Dynamite,Drake,Reggaeton,93,271121,True,0.668,0.345,97.9,2017-01-05
3n3Pp835392xV,Blinding Lights,Post Malone,Rock,87,176714,Yes,0.563,0.749,112.6,2018-07-18
3n3Pp671412xV,Bléeding Love,Travis Scott,Reggaeton,92,186645,True,0.758,0.751,100.1,2019-09-12
3n3Pp539898xV,Say So,Ariana Grande,Hip-Hop,74,181838,True,0.576,0.921,179.9,2020-08-21
3n3Pp331148xV,SICKO MODE,Travis Scott,R&B,55,153134,True,0.445,0.545,76.7,2016-07-03
3n3Pp571029xV,Shape of You,Post Malone,Hip-Hop,99,166166,No,0.453,0.373,145.2,2022-07-17
3n3Pp717889xV,Circles,Doja Cat,EDM,89,208271,True,0.934,0.499,92.0,2023
3n3Pp391704xV,Uptown Funk,Coldplay,Rap,68,184266,True,0.825,0.901,123.2,2024-05-23
3n3Pp948749xV,Blinding Lights,Kendrick Lamar,Pop,65,201939,True,0.693,0.563,134.9,2017
3n3Pp106814xV,Sugar,BTS,Pop,-99,255010,True,0.745,0.966,136.3,2024-01-26
3n3Pp895667xV,Yellow,Beyoncé,EDM,54,247580,False,0.516,0.646,177.5,2018-12-27
3n3Pp944962xV,SICKO MODE,Coldplay,Hip-Hop,55,172030,False,,0.783,123.7,2021-08-22
3n3Pp267414xV,  Say So ,Bruno Mars,,67,217848,True,0.517,0.915,89.6,2023-09-03
3n3Pp832052xV,Uptown Funk,BTS,Reggaeton,59,169657,No,0.777,0.63,148.8,2017-08-25
3n3Pp543143xV,Stay,Dua Lipa,Indie,Not Available,155714,False,0.86,0.706,94.4,2023-07-18
3n3Pp456778xV,One Dance,Coldplay,Indie,95,166900,True,0.513,0.36,166.5,2021-07-20
3n3Pp391369xV,Bléeding Love,Rihanna,EDM,100,201839,False,0.856,0.435,140.8,2019-04-06
3n3Pp263032xV,Yellow,Billie Eilish,Indie,90,266242,True,0.883,0.957,148.9,2015-03-19
3n3Pp325772xV,One Dance,Post Malone,R&B,59,183761,False,0.808,0.681,75.1,00-00-0000
3n3Pp900581xV,Bléeding Love,Billie Eilish,K-Pop,97,174111,True,0.639,0.784,140.9,2015-09-15
3n3Pp452944xV,Dynamite,,EDM,74,236913,True,0.849,0.327,115.4,2023-12-24
3n3Pp207175xV,Bléeding Love,Bad Bunny,R&B,70,182119,False,0.44,0.927,147.5,2023-05-10
3n3Pp197251xV,Bléeding Love,Eminem,Hip-Hop,73,161192,False,0.777,0.507,130.7,2018-05-23
3n3Pp498382xV,Dynamite,Dua Lipa,Reggaeton,56,270847,False,0.413,0.633,106.1,2019-09-04
3n3Pp201414xV,Blinding Lights,Bad Bunny,Reggaeton,55,163274,True,0.794,0.806,154.1,00-00-0000
3n3Pp476417xV,7 rings,BTS,Pop,Not Available,194037,True,0.421,0.312,148.3,2023-04-10
3n3Pp988662xV,HUMBLE.,Justin Bieber,Rock,69,263549,No,0.44,0.765,139.3,2015-11-05
3n3Pp460663xV,Anti-Hero,Eminem,Hip-Hop,78,253546,False,0.498,0.542,135.4,2019-03-09
3n3Pp733052xV,7 rings,Eminem,Pop,73,280056,False,0.539,0.506,96.8,2015-11-08
3n3Pp377370xV,Yellow,,Rock,98,157728,True,0.439,0.977,146.9,2018-09-04
3n3Pp946335xV,Bad Guy,Billie Eilish,Pop,67,250330,False,0.852,0.965,140.1,2015-11-12
3n3Pp145561xV,Blinding Lights,Doja Cat,Rock,56,261847,True,0.901,0.488,110.2,2025-10-12
3n3Pp865179xV,  Yellow ,Beyoncé,Indie,58,195300,True,0.624,0.342,172.9,2020-02-23
3n3Pp581741xV,One Dance,Maroon 5,Reggaeton,55,242784,True,0.648,0.475,129.0,2023-05-24
3n3Pp662275xV,Yellow,Post Malone,Rock,-99,206286,False,0.622,0.563,170.6,2017-07-20
3n3Pp230889xV,SICKO MODE,Bad Bunny,EDM,77,199060,False,0.574,0.98,113.2,2019-06-02
3n3Pp496922xV,Tití Me Preguntó,Eminem,Rap,78,222084,Yes,0.614,0.973,80.4,2025-01-27
3n3Pp182627xV,Say So,Post Malone,Rock,85,223362,Yes,0.465,0.942,115.2,2020-04-24
3n3Pp678856xV,Levitating,Travis Scott,Hip-Hop,85,266919,False,0.403,0.945,123.9,2019-03-09
3n3Pp407419xV,Shape of You,,R&B,82,188962,True,0.796,0.453,79.3,2015-09-22
3n3Pp969693xV,Anti-Hero,Justin Bieber,Indie,76,159083,False,0.435,0.532,113.5,2024-02-24
3n3Pp759176xV,Yellow,Post Malone,Reggaeton,56,214431,False,0.81,0.567,143.1,2021-11-09
3n3Pp748564xV,Dynamite,The Weeknd,Indie,51,227360,True,0.425,0.393,149.0,2025-11-20
3n3Pp479201xV,Levitating,,EDM,55,280781,True,,0.796,133.9,2023-04-27
3n3Pp705397xV,Stay,Ed Sheeran,Pop,72,258001,True,0.597,0.654,156.2,2022-04-11
3n3Pp301629xV,  Umbrella ,Billie Eilish,Hip-Hop,85,294359,False,0.677,0.761,89.5,2019-04-19
3n3Pp838797xV,HUMBLE.,Taylor Swift,Reggaeton,55,275575,True,0.559,0.893,110.2,2025-07-05
3n3Pp172933xV,Stay,Taylor Swift,Reggaeton,88,165985,False,0.777,0.767,131.7,2022-04-24
3n3Pp148050xV,Shape of You,BTS,Indie,88,172995,True,0.734,0.584,143.1,2021-06-05
3n3Pp793384xV,,Post Malone,Indie,100,223341,False,0.555,0.69,152.4,2022-02-16
3n3Pp338968xV,Umbrella,Ed Sheeran,Indie,70,250405,False,0.91,0.59,154.0,2017-08-06
3n3Pp910620xV,Anti-Hero,Kendrick Lamar,Pop,74,185975,False,0.61,0.512,166.5,2017-04-19
3n3Pp403445xV,Circles,Bad Bunny,Indie,50,259899,False,0.852,0.712,148.8,2022-12-06
3n3Pp183667xV,Lose Yourself,The Weeknd,Rock,68,202286,True,0.417,0.605,154.1,2025-05-01
3n3Pp996865xV,Anti-Hero,Doja Cat,Rock,76,287839,True,0.486,0.39,154.9,2019-03-06
3n3Pp344098xV,Lose Yourself,Post Malone,R&B,74,215312,Yes,0.521,0.744,108.6,2021-11-20
3n3Pp205907xV,Anti-Hero,Kendrick Lamar,EDM,99,292516,False,0.811,0.695,169.3,2018-02-05
3n3Pp498591xV,Levitating,Kendrick Lamar,Pop,55,155119,False,0.838,0.765,127.9,2016-07-08
3n3Pp391476xV,Circles,Rihanna,K-Pop,96,250269,False,0.867,0.438,119.4,2022-11-13
3n3Pp575435xV,Bléeding Love,Dua Lipa,Pop,85,244139,False,0.562,0.394,80.7,2016-12-17
3n3Pp766563xV,7 rings,Justin Bieber,Hip-Hop,65,275746,True,0.749,0.768,114.1,2017-12-25
3n3Pp974628xV,Dynamite,Taylor Swift,EDM,86,292742,Yes,0.564,0.911,122.5,2015-10-04
3n3Pp482554xV,HUMBLE.,Billie Eilish,EDM,83,277055,True,0.888,0.919,127.7,2021-07-01
3n3Pp270555xV,Bad Guy,,Indie,60,240186,Yes,0.931,0.592,162.1,2016-01-25
3n3Pp488162xV,Anti-Hero,Bad Bunny,Rap,93,298282,False,0.877,0.918,124.4,2025-01-05
3n3Pp472528xV,Lose Yourself,Drake,R&B,74,281699,False,0.756,0.824,130.8,2018-02-09
3n3Pp319684xV,Circles,,Pop,60,234306,False,0.927,0.746,161.7,00-00-0000
3n3Pp802729xV,Yellow,Kendrick Lamar,Indie,58,251811,True,,0.684,169.4,2015-01-26
3n3Pp379946xV,Anti-Hero,drake,EDM,67,unknown,True,0.881,0.407,122.5,2016-09-24
3n3Pp835911xV,Levitating,Doja Cat,Indie,69,197137,False,0.478,0.346,113.7,2020-12-03
3n3Pp816751xV,Bad Guy,Taylor Swift,Rap,67,156832,True,,0.662,145.7,2018-03-16
3n3Pp779514xV,Tití Me Preguntó,Ed Sheeran,Indie,81,233591,True,0.715,0.789,147.8,2024-08-27
3n3Pp174870xV,Yellow,Ed Sheeran,Rock,59,207414,True,0.617,0.425,177.7,2017-05-11
3n3Pp738720xV,Uptown Funk,,Pop,54,157681,False,0.701,0.871,167.7,2022-03-08
3n3Pp765822xV,,Post Malone,Rap,60,223644,False,0.447,0.399,94.8,2015-09-23
3n3Pp279451xV,Umbrella,Drake,Pop,77,165359,True,0.516,0.32,167.8,2019-11-18
3n3Pp660086xV,  7 rings ,Travis Scott,EDM,67,273649,True,0.808,0.517,84.2,2016-01-27
3n3Pp864544xV,Levitating,Bad Bunny,K-Pop,76,288787,False,0.799,0.962,116.0,2015-02-18
3n3Pp356702xV,Stay,BTS,Rap,69,243698,False,,0.954,93.8,2019-02-17
3n3Pp271339xV,HUMBLE.,Bruno Mars,Hip-Hop,80,211017,True,0.898,0.506,175.6,2021-03-01
3n3Pp584714xV,HUMBLE.,Maroon 5,R&B,100,191844,False,0.868,0.807,83.1,2018-01-08
3n3Pp497887xV,Yellow,Maroon 5,EDM,54,176249,True,0.478,0.859,92.3,2021-07-05
3n3Pp383060xV,Bléeding Love,Maroon 5,Indie,73,214974,True,0.501,0.733,86.8,2020-11-10
3n3Pp771088xV,Bad Guy,Travis Scott,Hip-Hop,66,213216,False,0.739,0.802,90.5,2018-11-13
3n3Pp821590xV,One Dance,Beyoncé,Indie,65,219868,False,0.539,0.403,90.8,2025-12-27
3n3Pp684004xV,Uptown Funk,Ariana Grande,K-Pop,96,289903,No,0.463,0.428,96.4,2016-08-06
3n3Pp330283xV,One Dance,Rihanna,Indie,90,164656,True,0.769,0.389,175.0,2016-04-04
3n3Pp817870xV,Uptown Funk,Rihanna,EDM,81,207517,Yes,0.712,0.318,77.4,2019-06-03
3n3Pp440035xV,  Sugar ,Post Malone,Pop,88,251822,True,0.43,0.97,118.7,2024-06-04
3n3Pp983794xV,Stay,doja cat,Reggaeton,89,243009,True,0.813,0.72,146.7,2020-02-02
3n3Pp905635xV,Dynamite,Bruno Mars,R&B,62,195537,False,0.945,0.712,172.8,2024-03-06
3n3Pp913694xV,Circles,Post Malone,Rock,79,196163,True,0.702,0.716,124.8,2021-09-11
3n3Pp158655xV,Levitating,Doja Cat,Indie,56,212010,True,0.755,0.706,119.1,2024-03-22
3n3Pp340174xV,Tití Me Preguntó,Maroon 5,K-Pop,58,233362,False,0.44,0.457,152.5,2021-03-22
3n3Pp961722xV,One Dance,Taylor Swift,Indie,69,244052,False,0.769,0.318,77.3,2025-05-20
3n3Pp133659xV,Levitating,Maroon 5,,50,157394,False,0.538,0.354,94.9,2019-06-04
3n3Pp944151xV,Circles,Bad Bunny,Rap,75,unknown,False,0.509,0.83,77.3,2019-08-22
3n3Pp430776xV,Circles,Eminem,Rock,71,298806,True,0.719,0.391,159.2,2020-05-26
3n3Pp520651xV,Umbrella,Eminem,K-Pop,89,297746,False,0.923,0.875,162.7,2016-01-28
3n3Pp380746xV,Sugar,Billie Eilish,Indie,74,187251,True,0.596,0.619,129.6,2017-11-05
3n3Pp169403xV,Uptown Funk,Drake,Reggaeton,71,297615,No,0.769,0.742,110.3,2020-03-13
3n3Pp321231xV,Stay,Justin Bieber,R&B,78,199344,False,0.529,0.425,135.8,2022-12-26
3n3Pp694731xV,Umbrella,travis scott,EDM,71,279034,True,0.557,0.563,143.9,2022-02-04
3n3Pp852787xV,Yellow,Justin Bieber,,77,292114,True,0.438,0.622,157.6,2024-07-24
3n3Pp429963xV,Umbrella,BTS,K-Pop,91,231016,False,0.506,0.411,126.0,2019-03-03
3n3Pp322955xV,Anti-Hero,Drake,Indie,88,196021,False,0.667,0.454,144.9,2020-03-06
3n3Pp787277xV,Yellow,Justin Bieber,Reggaeton,58,278564,False,0.581,0.578,130.7,2021-06-11
3n3Pp623481xV,Sugar,the weeknd,Rock,69,159951,true,0.763,0.959,132.6,2022-07-16
3n3Pp514850xV,Uptown Funk,Bruno Mars,R&B,70,173660,True,0.781,0.929,123.1,2021-10-26
3n3Pp774079xV,,Rihanna,Hip-Hop,88,164724,True,0.484,0.946,134.6,2025-06-05
3n3Pp581141xV,Anti-Hero,Maroon 5,Indie,94,unknown,True,0.712,0.451,169.3,2025-04-13
3n3Pp249811xV,One Dance,Kendrick Lamar,Reggaeton,62,207359,False,0.844,0.757,107.2,2021-09-16
3n3Pp377746xV,7 rings,Post Malone,Reggaeton,80,155224,True,0.927,0.438,157.9,2023-09-16
3n3Pp246413xV,Yellow,Taylor Swift,Rock,70,288005,False,0.493,0.439,98.8,2023-09-27
3n3Pp358607xV,Bléeding Love,Travis Scott,Reggaeton,61,275301,False,0.572,0.42,114.0,2018-07-03
3n3Pp881177xV,Stay,Post Malone,Indie,75,150179,True,0.832,0.949,105.3,2024-12-14
3n3Pp688637xV,Blinding Lights,Post Malone,Hip-Hop,70,236962,True,0.792,0.599,163.8,2023-10-25
3n3Pp665158xV,Shape of You,Rihanna,EDM,68,202812,True,0.752,0.72,90.6,2018-12-03
3n3Pp375504xV,  Sugar ,Drake,Indie,97,184207,True,0.552,0.768,104.9,2018-06-01
3n3Pp883300xV,Umbrella,Travis Scott,R&B,94,239327,True,0.598,0.889,175.4,2018-01-12
3n3Pp712982xV,Anti-Hero,Billie Eilish,Rock,90,196520,False,0.774,0.904,140.0,2023-08-05
3n3Pp549245xV,Shape of You,Doja Cat,Rock,Not Available,234826,True,0.582,0.591,91.9,2016-01-12
3n3Pp711878xV,One Dance,Eminem,Rap,86,165612,False,0.664,0.828,131.2,2020-03-10
3n3Pp518801xV,SICKO MODE,Bruno Mars,Pop,100,155744,True,0.645,0.713,94.1,2022-03-27
3n3Pp479580xV,Yellow,Bad Bunny,Pop,65,188721,True,0.826,0.861,93.4,2023-07-08
3n3Pp329974xV,  Yellow ,BTS,K-Pop,70,187133,True,0.668,0.79,149.4,2018
3n3Pp245051xV,7 rings,Travis Scott,R&B,74,179077,False,0.46,0.568,170.0,2017-02-23
3n3Pp634277xV,Say So,Ed Sheeran,K-Pop,67,287965,True,0.755,0.939,158.4,2017-07-24
3n3Pp617488xV,Anti-Hero,Billie Eilish,Reggaeton,100,245653,False,0.445,0.689,91.9,2015-12-14
3n3Pp195325xV,Sugar,Ed Sheeran,Reggaeton,75,169013,true,0.554,0.665,87.3,2020-01-23
3n3Pp892495xV,Shape of You,Drake,Rap,73,247934,True,0.855,0.736,179.3,2016-11-19
3n3Pp149405xV,Umbrella,Taylor Swift,Pop,57,253703,True,0.89,0.779,135.3,2016-08-27
3n3Pp214975xV,Yellow,Justin Bieber,Hip-Hop,86,176484,true,0.508,0.326,121.3,2024-03-01
3n3Pp260265xV,Yellow,Post Malone,K-Pop,62,238227,True,0.803,0.374,113.8,2017-06-05
3n3Pp757924xV,Umbrella,maroon 5,EDM,87,229105,False,0.745,0.611,96.5,2016-04-03
3n3Pp267753xV,One Dance,Doja Cat,Hip-Hop,Not Available,234568,True,0.8,0.897,149.2,2015-10-27
3n3Pp930555xV,Say So,Post Malone,Rock,61,185769,True,0.891,0.897,144.9,2021-03-25
3n3Pp813536xV,Shape of You,Rihanna,Hip-Hop,93,191288,False,0.867,0.467,177.7,2017-08-24
3n3Pp542666xV,Bléeding Love,Bad Bunny,Rap,99,264522,False,0.747,0.666,90.5,2017-12-17
3n3Pp725380xV,Yellow,Rihanna,Rock,85,277716,False,0.847,0.969,122.1,2019-08-14
3n3Pp166613xV,7 rings,Post Malone,Indie,51,233173,True,0.718,0.327,177.4,2020-08-26
3n3Pp503457xV,Levitating,Ariana Grande,R&B,96,195666,True,0.823,0.563,131.0,2025-12-01
3n3Pp500156xV,Bad Guy,Billie Eilish,K-Pop,79,297318,True,0.517,0.82,87.8,2019-02-05
3n3Pp724834xV,SICKO MODE,Beyoncé,K-Pop,95,243539,False,0.42,0.955,77.6,2015-11-02
3n3Pp590785xV,Tití Me Preguntó,BTS,Pop,63,208520,True,0.543,0.429,172.8,2024-03-17
3n3Pp654816xV,Blinding Lights,,Rap,78,195967,true,0.892,0.599,155.7,2017-01-13
3n3Pp363626xV,Stay,Rihanna,R&B,68,249191,False,0.697,0.901,174.5,2021-11-15
3n3Pp680099xV,,Drake,Reggaeton,94,230431,true,0.76,0.826,172.4,2023-12-27
3n3Pp112038xV,Bléeding Love,Maroon 5,Rap,54,227205,True,0.482,0.494,91.4,00-00-0000
3n3Pp813328xV,7 rings,Taylor Swift,,100,183383,True,0.616,0.413,176.9,2019-12-08
3n3Pp855731xV,Dynamite,bruno mars,Pop,100,196585,True,0.89,0.5,132.3,2021-03-09
3n3Pp220116xV,Tití Me Preguntó,Dua Lipa,Indie,76,150471,true,0.724,0.925,128.3,2016-09-13
3n3Pp814825xV,Bad Guy,Maroon 5,Indie,93,252655,True,0.871,0.769,143.0,2017-12-07
3n3Pp663054xV,Bad Guy,Billie Eilish,Hip-Hop,81,298762,True,0.474,0.914,106.0,2021-10-02
3n3Pp887352xV,Umbrella,The Weeknd,Hip-Hop,58,158488,False,0.676,0.615,169.1,2018-07-06
3n3Pp379786xV,Lose Yourself,Drake,Hip-Hop,90,197731,True,0.45,0.739,176.8,2023-10-27
3n3Pp905934xV,Sugar,Travis Scott,Rap,69,233418,True,0.6,0.361,154.2,2016-12-15
3n3Pp772097xV,Circles,doja cat,Pop,65,207906,True,0.406,0.64,179.4,2022-06-21
3n3Pp456699xV,HUMBLE.,Doja Cat,Rap,66,298255,True,0.531,0.422,145.0,2025-07-27
3n3Pp216970xV,Lose Yourself,The Weeknd,Hip-Hop,92,177291,True,0.93,0.698,159.0,2021-03-02
3n3Pp407757xV,Tití Me Preguntó,Billie Eilish,Reggaeton,59,280071,True,0.94,0.908,151.5,2020-11-14
3n3Pp555884xV,Shape of You,doja cat,Hip-Hop,95,186868,True,0.776,0.672,171.8,2018-05-04
3n3Pp265840xV,One Dance,Taylor Swift,Rock,77,236813,No,0.816,0.567,110.6,2016-02-12
3n3Pp575763xV,Umbrella,Justin Bieber,K-Pop,100,170396,True,0.477,0.52,86.8,2024-06-01
3n3Pp103402xV,Stay,Kendrick Lamar,Reggaeton,74,212389,False,0.488,0.317,125.3,2018-05-06
3n3Pp857168xV,Umbrella,Beyoncé,R&B,54,240914,False,0.711,0.609,79.2,2023
3n3Pp854639xV,One Dance,Rihanna,Indie,78,unknown,True,0.711,0.91,146.2,2018-10-01
3n3Pp376183xV,Levitating,Billie Eilish,Rap,88,194010,True,0.88,0.909,87.3,2019-04-18
3n3Pp624902xV,Yellow,Justin Bieber,Indie,80,173258,False,0.48,0.9,77.6,2018-11-02
3n3Pp898975xV,One Dance,Doja Cat,Hip-Hop,87,238014,False,,0.361,139.8,2018-05-03
3n3Pp287330xV,Dynamite,Bruno Mars,Reggaeton,75,267081,True,0.917,0.52,98.1,2024-10-02
3n3Pp632342xV,Dynamite,Kendrick Lamar,K-Pop,84,152987,True,0.422,0.741,112.5,00-00-0000
3n3Pp211579xV,Circles,Drake,K-Pop,82,219523,True,0.819,0.784,109.3,2015-06-03
3n3Pp755674xV,Circles,Kendrick Lamar,Reggaeton,94,204967,True,0.527,0.412,138.9,2019-01-12
3n3Pp412942xV,Stay,Coldplay,Hip-Hop,76,215415,False,0.545,0.799,95.5,2019
3n3Pp982554xV,Stay,Bruno Mars,Rock,84,167771,False,0.529,0.362,130.3,00-00-0000
3n3Pp769987xV,Yellow,Dua Lipa,Indie,52,241876,True,0.768,0.78,157.0,2021-12-12
3n3Pp632323xV,  Bléeding Love ,dua lipa,EDM,-99,217281,True,0.685,0.731,155.5,2017-12-22
3n3Pp738551xV,SICKO MODE,Bad Bunny,Pop,73,178320,true,,0.358,95.6,2016-06-14
3n3Pp308573xV,Tití Me Preguntó,Justin Bieber,,94,150335,False,0.613,0.781,83.8,2023-02-17
3n3Pp260263xV,Lose Yourself,Dua Lipa,Indie,84,162621,True,0.905,0.794,164.2,2017-01-19
3n3Pp492077xV,Shape of You,Bruno Mars,K-Pop,88,251171,False,0.885,0.963,146.1,2021-08-19
3n3Pp899550xV,SICKO MODE,Kendrick Lamar,,90,264876,True,0.422,0.716,175.6,2015-05-06
3n3Pp269396xV,,post malone,Rap,55,260009,False,0.757,0.409,177.5,2017-11-15
3n3Pp665579xV,Blinding Lights,ariana grande,Reggaeton,56,193604,True,,0.674,116.4,2016-11-03
3n3Pp916449xV,Yellow,bts,Hip-Hop,99,258532,True,0.933,0.33,126.5,2018-04-26
3n3Pp656116xV,Dynamite,Taylor Swift,R&B,65,279258,False,0.748,0.416,138.3,2025-11-05
3n3Pp100599xV,Say So,Rihanna,K-Pop,92,249277,False,0.55,0.528,128.7,2017-09-17
3n3Pp728038xV,  Yellow ,Drake,EDM,92,242073,True,0.808,0.892,80.9,2024-11-17
3n3Pp439902xV,Umbrella,Dua Lipa,K-Pop,72,293136,True,0.718,0.887,145.0,2020-08-26
3n3Pp612340xV,Dynamite,Billie Eilish,Rock,60,248395,True,0.714,0.41,116.7,2017-06-10
3n3Pp120422xV,Shape of You,Dua Lipa,Reggaeton,91,176588,False,0.607,0.398,150.2,2020-10-28
3n3Pp217301xV,Sugar,Bad Bunny,Rap,89,275695,False,0.608,0.823,119.9,2021-01-23
3n3Pp480612xV,One Dance,Ariana Grande,EDM,52,209135,False,0.723,0.335,115.5,2025-07-08
3n3Pp972064xV,One Dance,Beyoncé,Rock,86,192639,True,0.894,0.509,76.3,2018-10-20
3n3Pp945964xV,Circles,The Weeknd,Reggaeton,91,268302,True,0.443,0.797,111.2,2016-03-19
3n3Pp422451xV,7 rings,BTS,EDM,93,169322,False,,0.953,107.3,2025-08-04
3n3Pp351083xV,HUMBLE.,Rihanna,EDM,91,158758,True,0.935,0.496,121.8,2015-03-25
3n3Pp160738xV,Bléeding Love,Bruno Mars,EDM,75,227308,False,0.523,0.423,133.9,2019-09-28
3n3Pp352572xV,Uptown Funk,Taylor Swift,Indie,98,155263,False,0.623,0.911,97.6,2016-08-04
3n3Pp694916xV,Uptown Funk,Eminem,Rap,71,233549,True,0.849,0.953,168.2,2022-06-06
3n3Pp182582xV,Say So,Beyoncé,K-Pop,100,218453,False,0.59,0.302,152.9,2019-03-03
3n3Pp189814xV,One Dance,Coldplay,Pop,77,177453,True,0.836,0.82,118.6,2019-10-12
3n3Pp867460xV,Shape of You,Maroon 5,Indie,56,169451,False,0.888,0.308,121.5,2020-02-03
3n3Pp609597xV,Levitating,Kendrick Lamar,Reggaeton,50,239602,False,0.404,0.638,92.2,2017-12-25
3n3Pp955662xV,One Dance,Rihanna,Pop,56,194592,True,0.885,0.639,151.4,2022-05-16
3n3Pp172574xV,Umbrella,taylor swift,Rap,66,248424,False,0.642,0.849,169.3,2019-08-21
3n3Pp897549xV,Umbrella,Eminem,Hip-Hop,64,192180,True,0.526,0.713,151.5,2017-02-19
3n3Pp658582xV,,Billie Eilish,Hip-Hop,82,169661,False,0.683,0.636,118.5,2022
3n3Pp903035xV,Yellow,BTS,K-Pop,97,293404,False,0.554,0.447,162.7,2019-07-14
3n3Pp231869xV,Shape of You,Ed Sheeran,K-Pop,83,174406,True,0.483,0.748,137.8,00-00-0000
3n3Pp234628xV,Dynamite,Post Malone,EDM,85,238591,True,0.487,0.609,90.1,2022-06-17
3n3Pp791798xV,Say So,Rihanna,Reggaeton,87,276546,True,0.731,0.6,106.8,2024-06-12
3n3Pp598369xV,Stay,Kendrick Lamar,EDM,94,158124,Yes,0.849,0.709,178.8,2016-11-14
3n3Pp676510xV,Shape of You,Bad Bunny,Pop,86,263068,True,0.764,0.304,130.2,2023-08-09
3n3Pp273148xV,Uptown Funk,The Weeknd,EDM,64,193253,False,0.628,0.9,110.2,2025-01-20
3n3Pp377932xV,Bléeding Love,Maroon 5,Pop,78,263823,true,0.582,0.489,173.0,2025-01-24
3n3Pp653306xV,Anti-Hero,Travis Scott,Reggaeton,73,191183,False,0.462,0.727,137.0,2018-12-27
3n3Pp736059xV,Tití Me Preguntó,Justin Bieber,Pop,75,164039,True,0.771,0.858,114.5,2023-01-05
3n3Pp543692xV,Bléeding Love,Post Malone,Rap,79,176544,True,0.663,0.441,75.7,2016-05-13
3n3Pp322086xV,Shape of You,BTS,R&B,99,236794,True,0.725,0.426,142.1,00-00-0000
3n3Pp665492xV,Circles,The Weeknd,EDM,93,203883,True,0.756,0.337,103.7,2016-04-13
3n3Pp891952xV,Stay,BTS,EDM,87,199803,true,0.626,0.537,93.4,2022-11-03
3n3Pp865388xV,Stay,Bruno Mars,Rap,94,257290,False,0.534,0.399,123.5,2020-08-15
3n3Pp823378xV,  Levitating ,Drake,R&B,82,295257,False,0.47,0.322,134.6,2025-09-27
3n3Pp310922xV,SICKO MODE,Travis Scott,K-Pop,59,291590,True,0.726,0.693,171.1,2022-02-03
3n3Pp847581xV,Yellow,Bad Bunny,K-Pop,72,219537,True,0.474,0.71,95.9,2017-12-04
3n3Pp426858xV,Bléeding Love,Rihanna,Pop,51,223799,False,0.682,0.525,162.4,2021-07-07
3n3Pp518373xV,Circles,Bad Bunny,R&B,80,227961,True,0.89,0.36,105.4,2021
3n3Pp804314xV,One Dance,Ed Sheeran,Rap,56,212271,True,0.481,0.374,126.5,2020-06-20
3n3Pp781446xV,Bad Guy,Kendrick Lamar,Reggaeton,68,175143,True,0.491,0.976,161.4,2022-04-23
3n3Pp491559xV,Lose Yourself,Post Malone,EDM,76,163011,False,0.907,0.41,106.7,2022-02-09
3n3Pp559381xV,Dynamite,Beyoncé,Indie,55,252996,False,0.684,0.493,136.4,2022-01-18
3n3Pp642717xV,Bad Guy,Billie Eilish,Rock,57,299886,True,0.623,0.749,126.9,2017-08-05
3n3Pp573417xV,  Shape of You ,Bruno Mars,Rap,96,294090,False,0.933,0.776,152.7,2025-04-11
3n3Pp226882xV,Circles,Kendrick Lamar,Indie,59,278699,False,0.751,0.689,98.6,2024
3n3Pp359947xV,Sugar,Kendrick Lamar,K-Pop,72,190262,true,0.883,0.682,158.1,2021-01-26
3n3Pp335612xV,Dynamite,,EDM,69,164288,False,0.8,0.957,91.2,2020-07-16
3n3Pp167136xV,One Dance,Rihanna,Rock,71,244589,False,0.852,0.81,106.5,2018-01-07
3n3Pp454508xV,Bléeding Love,BTS,R&B,79,151000,True,0.921,0.545,142.3,2015-11-14
3n3Pp122056xV,Stay,Ed Sheeran,Hip-Hop,100,262094,True,0.519,0.324,141.8,2019-05-21
3n3Pp716886xV,Say So,Ariana Grande,Pop,63,172971,true,0.734,0.823,88.0,2017-02-05
3n3Pp680828xV,Say So,Eminem,Rap,83,227214,False,0.659,0.52,144.9,2016-05-13
3n3Pp341292xV,Shape of You,Maroon 5,K-Pop,80,275915,True,0.665,0.91,105.2,2016-05-28
3n3Pp717024xV,Stay,Beyoncé,EDM,72,202343,No,0.521,0.858,93.8,2022-07-17
3n3Pp330914xV,Sugar,Ed Sheeran,Reggaeton,80,175424,True,0.626,0.816,170.2,2018-11-09
3n3Pp107540xV,Sugar,Drake,Rap,56,156746,True,0.478,0.873,142.7,2017-01-03
3n3Pp174441xV,Levitating,Billie Eilish,Rap,78,204251,True,0.72,0.344,78.0,2021-06-25
3n3Pp842225xV,Say So,Bruno Mars,R&B,96,194782,False,0.822,0.62,155.3,2019-03-07
3n3Pp761759xV,Anti-Hero,dua lipa,Rock,94,226496,False,0.743,0.383,126.8,2020-07-16
3n3Pp161733xV,Blinding Lights,Beyoncé,Hip-Hop,78,171479,True,0.681,0.884,176.9,2022-09-23
3n3Pp340062xV,One Dance,Billie Eilish,Rap,70,274143,False,0.492,0.524,137.9,2017-12-14
3n3Pp170674xV,Anti-Hero,The Weeknd,Rap,54,180279,True,0.777,0.581,113.0,2020-12-19
3n3Pp132938xV,,Post Malone,R&B,69,230832,True,0.907,0.443,125.5,2021-01-18
3n3Pp446479xV,Bad Guy,post malone,Rap,52,254193,False,0.728,0.442,120.8,2024-04-03
3n3Pp174299xV,  Lose Yourself ,Doja Cat,K-Pop,95,273455,true,0.438,0.34,102.1,2025-10-20
3n3Pp639131xV,Say So,Doja Cat,Reggaeton,57,278213,True,0.608,0.689,147.0,2017-06-22
3n3Pp349565xV,  Uptown Funk ,Kendrick Lamar,Pop,51,219469,True,0.473,0.966,177.3,2020-01-05
3n3Pp392004xV,Sugar,Ed Sheeran,Pop,71,unknown,True,0.409,0.66,160.9,2022-03-16
3n3Pp801474xV,Blinding Lights,Rihanna,Rap,91,292639,True,0.687,0.36,114.2,2020-02-26
3n3Pp608993xV,HUMBLE.,BTS,R&B,56,251587,True,0.9,0.792,152.0,2025-07-09
3n3Pp324643xV,Dynamite,Kendrick Lamar,Rock,93,198465,True,0.776,0.711,76.8,2023-12-01
3n3Pp665427xV,Circles,Coldplay,R&B,60,247260,True,0.855,0.836,102.3,2022-03-21
3n3Pp238739xV,Circles,Dua Lipa,EDM,97,249993,Yes,0.733,0.781,136.1,2022-11-19
3n3Pp858490xV,HUMBLE.,BTS,Rap,Not Available,246836,True,0.498,0.59,90.3,2016-01-07
3n3Pp698782xV,SICKO MODE,BTS,Hip-Hop,83,198911,True,0.896,0.877,123.4,2018-07-23
3n3Pp704201xV,7 rings,Ariana Grande,Pop,61,266857,False,0.73,0.477,147.8,2023-03-20
3n3Pp595631xV,Circles,Rihanna,K-Pop,85,161696,False,0.883,0.691,112.5,2021-04-12
3n3Pp354801xV,Umbrella,Dua Lipa,R&B,60,219021,False,0.692,0.724,80.6,2018-04-22
3n3Pp922733xV,One Dance,Eminem,Rap,Not Available,265275,True,0.814,0.93,112.9,2024-01-12
3n3Pp595948xV,Anti-Hero,Travis Scott,K-Pop,85,271912,True,0.451,0.718,141.8,2020-01-10
3n3Pp946721xV,Stay,Doja Cat,,77,219048,True,0.763,0.638,175.3,2019-09-27
3n3Pp526833xV,Umbrella,Ariana Grande,Pop,79,209308,False,0.896,0.796,80.1,2016-12-16
3n3Pp299659xV,Uptown Funk,Travis Scott,Hip-Hop,64,220401,true,0.697,0.638,105.6,2025-08-14
3n3Pp198907xV,HUMBLE.,Bruno Mars,Indie,75,297913,True,0.401,0.849,142.1,2021-06-12
3n3Pp201639xV,Umbrella,Taylor Swift,R&B,90,166158,False,0.916,0.901,83.1,2023-07-17
3n3Pp790993xV,Lose Yourself,Dua Lipa,Pop,61,189617,False,0.773,0.458,95.4,2020-02-06
3n3Pp551989xV,Levitating,Kendrick Lamar,Indie,61,175350,False,0.637,0.498,140.9,2022-07-12
3n3Pp471507xV,Sugar,Ariana Grande,K-Pop,90,172467,True,0.631,0.432,155.3,2017-09-20
3n3Pp544154xV,Shape of You,Ariana Grande,,92,240122,False,0.881,0.38,137.9,2017-09-14
3n3Pp531071xV,Levitating,Ed Sheeran,Rap,77,291937,False,0.784,0.616,92.5,2021-05-28
3n3Pp589710xV,Levitating,kendrick lamar,Rock,75,258524,True,0.636,0.842,108.9,2025-12-22
3n3Pp864491xV,Yellow,Taylor Swift,K-Pop,51,209641,False,0.916,0.801,108.2,2021-11-10
3n3Pp156802xV,7 rings,Ed Sheeran,R&B,97,295123,False,0.665,0.441,163.7,2024-02-03
3n3Pp806073xV,Shape of You,Beyoncé,R&B,89,165986,No,0.823,0.718,159.0,2016-02-21
3n3Pp785197xV,Yellow,Doja Cat,Reggaeton,62,251477,True,0.593,0.582,103.5,2015-10-14
3n3Pp777568xV,Bléeding Love,Dua Lipa,EDM,78,286991,False,0.843,0.331,148.3,2016-08-24
3n3Pp203198xV,Dynamite,,Rap,87,259741,False,0.899,0.538,113.1,2024-09-04
3n3Pp163556xV,Tití Me Preguntó,Rihanna,Rock,77,290381,False,0.86,0.848,131.1,2025-08-17
3n3Pp522179xV,Levitating,Bad Bunny,Hip-Hop,74,274472,Yes,0.717,0.444,111.9,2024-01-22
3n3Pp863587xV,SICKO MODE,Beyoncé,K-Pop,50,211772,True,0.634,0.736,90.1,2019-07-07
3n3Pp455784xV,Umbrella,Rihanna,Rap,95,274849,False,0.54,0.769,89.4,2018-08-18
3n3Pp939482xV,,The Weeknd,Rock,63,228342,Yes,0.821,0.473,104.5,2021-02-07
3n3Pp214576xV,Bad Guy,Ed Sheeran,K-Pop,63,170697,False,0.901,0.346,156.8,2022-02-12
3n3Pp360735xV,Umbrella,Bruno Mars,Indie,67,253495,False,,0.504,118.3,2022-07-27
3n3Pp300896xV,SICKO MODE,Ed Sheeran,Hip-Hop,98,159103,True,0.729,0.674,171.7,2025-12-26
3n3Pp299448xV,Shape of You,Drake,Reggaeton,95,281622,False,0.699,0.822,92.1,2021-01-12
3n3Pp662336xV,Tití Me Preguntó,Kendrick Lamar,EDM,-99,299741,True,0.542,0.377,97.9,2018-09-10
3n3Pp570405xV,Anti-Hero,Billie Eilish,EDM,54,285480,True,0.403,0.527,127.9,2019-11-09
3n3Pp246991xV,Circles,Dua Lipa,Hip-Hop,86,299811,No,0.809,0.569,162.3,2019-07-22
3n3Pp542374xV,7 rings,Maroon 5,Hip-Hop,56,188652,False,0.404,0.687,158.5,2018-01-14
3n3Pp292401xV,Sugar,Ariana Grande,Pop,84,181531,False,0.687,0.953,133.7,2015-01-01
3n3Pp392075xV,Uptown Funk,Drake,EDM,61,267713,False,0.686,0.866,147.4,2017-06-27
3n3Pp585100xV,SICKO MODE,Dua Lipa,Reggaeton,73,195319,False,0.606,0.432,175.0,2023-12-20
3n3Pp361941xV,Stay,BTS,Indie,70,193821,Yes,0.513,0.867,163.8,2020-06-06
3n3Pp179046xV,Levitating,Ariana Grande,Rock,62,205545,False,0.842,0.927,149.8,2024-07-08
3n3Pp564656xV,Say So,Dua Lipa,Indie,79,200521,False,0.625,0.626,148.7,2023-07-07
3n3Pp947272xV,Levitating,Kendrick Lamar,Hip-Hop,57,183078,True,0.459,0.623,159.3,2024-11-13
3n3Pp997546xV,Lose Yourself,BTS,K-Pop,66,161187,False,,0.324,118.8,2015-10-14
3n3Pp677057xV,Stay,Taylor Swift,Rap,92,260985,True,0.722,0.392,171.2,2017-11-13
3n3Pp202664xV,HUMBLE.,Maroon 5,EDM,81,170543,False,0.544,0.406,87.2,2017-07-11
3n3Pp153045xV,Bléeding Love,Drake,Rap,83,264135,True,0.695,0.613,88.8,2023-03-14
3n3Pp783823xV,Umbrella,Travis Scott,Rap,90,202931,Yes,0.711,0.888,76.8,2018-02-23
3n3Pp666847xV,HUMBLE.,Post Malone,EDM,70,188765,True,0.737,0.909,111.6,2017-09-04
3n3Pp976638xV,Circles,Travis Scott,R&B,88,217603,True,0.945,0.614,147.6,2025-10-26
3n3Pp115474xV,HUMBLE.,Drake,Indie,74,233820,true,0.619,0.854,89.6,2021-11-09
3n3Pp197793xV,Blinding Lights,Bruno Mars,EDM,89,167566,False,0.512,0.931,121.4,2023-03-11
3n3Pp890170xV,One Dance,Bad Bunny,Indie,75,172813,No,0.704,0.338,178.7,2018-02-03
3n3Pp989921xV,7 rings,Bad Bunny,Indie,Not Available,251737,False,0.707,0.654,129.9,2015-07-01
3n3Pp347861xV,Bléeding Love,Rihanna,EDM,57,295847,False,0.498,0.684,176.9,2025-10-05
3n3Pp274389xV,Umbrella,Justin Bieber,Reggaeton,72,254164,No,0.708,0.761,93.1,2015-10-23
3n3Pp526156xV,SICKO MODE,Post Malone,Reggaeton,72,294717,False,0.666,0.678,107.0,2023-02-19
3n3Pp609231xV,Lose Yourself,The Weeknd,Rap,79,235492,False,0.944,0.313,153.2,2021-01-24
3n3Pp604740xV,Say So,Taylor Swift,Reggaeton,89,222404,False,0.718,0.693,87.5,2017-08-21
3n3Pp324130xV,Yellow,Dua Lipa,Indie,61,286233,False,0.826,0.526,88.5,2025-06-06
3n3Pp520521xV,Anti-Hero,Taylor Swift,Indie,93,270103,True,0.619,0.923,147.9,2018-11-08
3n3Pp161483xV,Anti-Hero,Post Malone,Reggaeton,95,153241,False,0.476,0.841,147.2,2019-04-18
3n3Pp272634xV,Circles,Coldplay,Rap,Not Available,286986,True,0.875,0.345,107.3,00-00-0000
3n3Pp497382xV,HUMBLE.,Coldplay,,89,259994,True,0.465,0.402,97.0,2021-05-22
3n3Pp102260xV,Sugar,Bruno Mars,Hip-Hop,87,179496,False,0.526,0.872,178.0,2015-05-03
3n3Pp509386xV,HUMBLE.,Ed Sheeran,Rock,55,258643,True,0.831,0.531,119.6,2017-11-01
3n3Pp378085xV,Circles,Travis Scott,Indie,93,189227,True,0.922,0.555,155.1,2025-10-28
3n3Pp922157xV,Dynamite,Beyoncé,Indie,58,188849,False,0.455,0.663,86.7,2016
3n3Pp923267xV,Blinding Lights,Bruno Mars,Pop,70,298529,False,0.68,0.413,77.0,2024-02-04
3n3Pp577110xV,Tití Me Preguntó,,Reggaeton,57,176267,False,0.832,0.712,125.8,2017-05-09
3n3Pp399105xV,Uptown Funk,Justin Bieber,Rap,65,177691,False,0.84,0.427,120.3,2017-02-03
3n3Pp543555xV,Shape of You,Justin Bieber,K-Pop,69,297504,False,0.738,0.379,95.6,2022-06-27
3n3Pp830429xV,Bad Guy,Justin Bieber,Hip-Hop,57,176474,True,0.777,0.832,78.4,2018-07-04
3n3Pp865990xV,Yellow,Drake,EDM,61,224997,False,0.429,0.51,144.3,2022-01-14
3n3Pp921414xV,7 rings,Maroon 5,Hip-Hop,73,290413,False,0.614,0.883,137.3,2016-08-21
3n3Pp682765xV,  Yellow ,Ariana Grande,Hip-Hop,94,240143,True,0.75,0.783,124.3,2016-04-22
3n3Pp794022xV,Anti-Hero,Maroon 5,,59,257712,True,0.842,0.485,170.4,2021-07-11
3n3Pp853305xV,7 rings,Travis Scott,R&B,82,219241,False,0.853,0.359,79.5,2025-08-26
3n3Pp610311xV,Anti-Hero,Kendrick Lamar,Pop,74,250412,True,0.659,0.896,106.7,2017-03-10
3n3Pp262316xV,,Doja Cat,Rap,76,277293,False,0.73,0.553,76.1,2015-03-22
3n3Pp299122xV,Dynamite,Ed Sheeran,Reggaeton,88,299952,True,0.448,0.864,85.1,2024-11-20
3n3Pp411120xV,Lose Yourself,Travis Scott,Hip-Hop,58,274006,True,0.545,0.506,88.0,2015-02-11
3n3Pp328275xV,Yellow,Rihanna,K-Pop,86,159821,False,0.604,0.657,138.2,2020-08-20
3n3Pp161324xV,Dynamite,Billie Eilish,R&B,74,195141,False,0.735,0.419,136.7,2024-09-01
3n3Pp707314xV,Circles,Rihanna,K-Pop,77,222198,True,0.798,0.554,96.0,2017-09-24
3n3Pp871476xV,One Dance,Billie Eilish,R&B,61,255637,False,0.912,0.325,145.4,2019-02-07
3n3Pp668532xV,7 rings,The Weeknd,R&B,81,187710,True,0.62,0.437,78.1,2024-01-18
3n3Pp163918xV,Bléeding Love,Rihanna,Indie,90,255308,True,0.761,0.363,90.3,2015-09-17
3n3Pp884309xV,Umbrella,Post Malone,Pop,84,160166,True,0.558,0.644,153.4,2017-04-28
3n3Pp428838xV,Dynamite,BTS,Reggaeton,94,253754,No,0.93,0.843,104.1,2020-02-07
3n3Pp159942xV,Bad Guy,Justin Bieber,Reggaeton,91,236899,True,0.432,0.915,135.9,2015-06-05
3n3Pp152578xV,Sugar,Drake,EDM,61,212279,False,0.825,0.405,112.0,2018-02-24
3n3Pp712554xV,Sugar,Rihanna,Pop,85,162921,False,0.496,0.531,164.8,2017-05-09
3n3Pp599948xV,Tití Me Preguntó,Coldplay,R&B,Not Available,274575,True,0.672,0.629,157.0,2022-04-03
3n3Pp627276xV,Shape of You,Doja Cat,R&B,81,220407,True,0.406,0.894,139.4,2020-12-18
3n3Pp994141xV,Tití Me Preguntó,Post Malone,Rock,68,247633,False,0.868,0.511,128.0,00-00-0000
3n3Pp656926xV,7 rings,Bruno Mars,Reggaeton,58,155303,True,0.912,0.523,82.2,2022-07-17
3n3Pp265080xV,Yellow,Billie Eilish,Indie,61,238569,False,,0.823,161.1,2021-04-09
3n3Pp159642xV,Levitating,Rihanna,Pop,70,229444,Yes,0.507,0.367,155.1,2017-04-22
3n3Pp632496xV,Dynamite,Post Malone,Hip-Hop,78,231513,False,0.831,0.968,130.5,2019-07-04
3n3Pp184002xV,Yellow,Eminem,Rap,Not Available,223491,False,0.681,0.651,150.2,2024-10-10
3n3Pp992697xV,Shape of You,,K-Pop,53,278875,False,0.784,0.975,176.2,2017-04-24
3n3Pp294851xV,Lose Yourself,Kendrick Lamar,Hip-Hop,72,175747,No,0.738,0.44,93.0,2022-07-15
3n3Pp171849xV,Sugar,Bad Bunny,Pop,50,209757,True,,0.325,154.2,2021-10-24
3n3Pp723939xV,Bléeding Love,Travis Scott,EDM,81,185228,True,0.598,0.564,75.5,2019-06-20
3n3Pp171262xV,7 rings,Ariana Grande,Indie,58,228769,False,0.76,0.888,151.2,2016-10-13
3n3Pp808011xV,Bléeding Love,Doja Cat,R&B,62,unknown,True,0.937,0.379,172.0,2021-04-19
3n3Pp346629xV,Anti-Hero,Coldplay,Indie,74,234113,False,0.448,0.511,171.7,2020-06-21
3n3Pp523389xV,Anti-Hero,Doja Cat,K-Pop,85,220626,True,0.552,0.33,164.4,2016-08-06
3n3Pp225710xV,Anti-Hero,Post Malone,EDM,82,259254,False,0.62,0.877,124.8,2015-09-09
3n3Pp697347xV,Shape of You,Post Malone,Indie,91,173406,False,0.768,0.893,148.3,2024-07-10
3n3Pp358175xV,Levitating,The Weeknd,Reggaeton,81,199266,True,0.623,0.527,94.4,2024-11-17
3n3Pp707040xV,HUMBLE.,Ariana Grande,Reggaeton,76,265793,True,0.51,0.905,145.7,2020-07-01
3n3Pp723398xV,Bléeding Love,Billie Eilish,Rap,93,205414,true,0.408,0.37,86.3,2016-03-26
3n3Pp141672xV,Umbrella,The Weeknd,Indie,81,256737,True,0.787,0.821,162.6,2020-07-26
3n3Pp749468xV,  Shape of You ,Doja Cat,Indie,76,276998,True,0.906,0.807,178.0,2017-06-08
3n3Pp185965xV,Sugar,Taylor Swift,Indie,95,285397,true,0.702,0.315,119.5,2016-04-22
3n3Pp539589xV,Bléeding Love,Maroon 5,,78,248018,False,0.799,0.816,129.0,2020-06-05
3n3Pp789305xV,Shape of You,Kendrick Lamar,K-Pop,81,164734,Yes,0.708,0.734,117.8,2020-02-01
3n3Pp712024xV,,Post Malone,Hip-Hop,60,285074,False,0.721,0.443,154.9,2020-12-01
3n3Pp692683xV,Sugar,Travis Scott,EDM,55,191673,False,0.591,0.436,108.0,2020-04-15
3n3Pp648177xV,Levitating,Maroon 5,EDM,86,167201,True,0.849,0.495,123.9,2024-06-08
3n3Pp431737xV,Stay,Coldplay,Rock,51,231559,True,0.524,0.662,129.6,2023-02-13
3n3Pp373432xV,7 rings,Travis Scott,EDM,100,282853,False,0.93,0.825,127.1,2019-10-07
3n3Pp314181xV,Sugar,Eminem,K-Pop,98,255744,True,0.65,0.756,112.9,2023-04-04
3n3Pp802258xV,Circles,Maroon 5,Rap,64,185559,True,0.622,0.485,105.3,2023-05-23
3n3Pp850981xV,Say So,Billie Eilish,Pop,68,287438,True,0.403,0.407,150.8,2024-11-03
3n3Pp429445xV,Levitating,Ed Sheeran,Indie,52,299074,False,0.496,0.378,83.6,2024-11-14
3n3Pp350280xV,Bléeding Love,,R&B,67,157588,True,0.678,0.952,126.8,2025-07-11
3n3Pp378517xV,Bléeding Love,Taylor Swift,Hip-Hop,64,195544,True,0.707,0.681,115.4,2020-04-07
3n3Pp515011xV,Dynamite,Post Malone,Reggaeton,84,200531,False,0.677,0.37,123.0,2015-08-16
3n3Pp237235xV,HUMBLE.,Rihanna,Pop,Not Available,202619,True,0.587,0.669,152.3,2015-05-14
3n3Pp804318xV,Say So,Taylor Swift,R&B,60,165106,True,0.464,0.674,147.1,2016-02-15
3n3Pp776856xV,Circles,Doja Cat,Rap,99,215402,True,0.682,0.484,163.3,2017
3n3Pp414569xV,HUMBLE.,Coldplay,Hip-Hop,79,158669,True,0.542,0.941,98.7,2024-07-08
3n3Pp579434xV,Blinding Lights,Ed Sheeran,Rap,86,269655,Yes,0.696,0.847,117.8,2024-01-10
3n3Pp431535xV,Yellow,Drake,Hip-Hop,97,163253,true,0.836,0.69,178.4,2015-11-26
3n3Pp888387xV,Levitating,Post Malone,Rock,99,244470,False,0.538,0.416,119.9,2024-01-15
3n3Pp176066xV,Tití Me Preguntó,Dua Lipa,Rap,99,202195,No,0.644,0.512,165.0,2019-03-27
3n3Pp109767xV,Uptown Funk,Bruno Mars,Pop,81,221821,False,0.607,0.907,168.9,2021-01-18
3n3Pp580547xV,  Say So ,Justin Bieber,Rap,85,246561,True,0.666,0.668,159.3,2023-01-11
3n3Pp751332xV,Circles,Eminem,Rock,82,271692,True,0.534,0.334,173.6,2025-01-03
3n3Pp690341xV,Blinding Lights,Ed Sheeran,Indie,57,282415,No,0.587,0.32,113.6,2022-02-27
3n3Pp204837xV,Sugar,BTS,Rap,86,254056,False,0.827,0.914,76.3,2021-12-10
3n3Pp176819xV,HUMBLE.,Coldplay,Pop,57,182472,No,0.775,0.334,145.8,2019-06-25
3n3Pp663750xV,Bad Guy,Beyoncé,Hip-Hop,67,158011,False,0.893,0.561,145.6,2020-07-03
3n3Pp323508xV,  Say So ,Beyoncé,Rap,99,213422,True,0.874,0.359,116.6,2023
3n3Pp630458xV,Say So,Billie Eilish,Reggaeton,84,247639,False,0.665,0.567,129.9,2024-01-13
3n3Pp378082xV,SICKO MODE,Justin Bieber,Pop,73,278132,True,0.542,0.779,146.0,2019
3n3Pp238890xV,Anti-Hero,Billie Eilish,R&B,-99,266943,False,0.61,0.906,87.5,2022-11-04
3n3Pp465962xV,Say So,Kendrick Lamar,Rock,98,196552,True,0.834,0.728,116.5,2020-10-04
3n3Pp172132xV,HUMBLE.,Post Malone,Rock,52,274408,No,0.521,0.769,148.0,2015-04-02
3n3Pp356150xV,  Stay ,,Indie,98,294528,False,0.786,0.603,177.6,2015-03-04
3n3Pp487477xV,Bléeding Love,bad bunny,Hip-Hop,96,241687,False,0.84,0.542,152.9,2020-12-24
3n3Pp398830xV,Sugar,Rihanna,Rap,78,240242,True,0.627,0.526,168.7,2021-04-06
3n3Pp265409xV,7 rings,Drake,K-Pop,84,192864,True,0.594,0.435,92.7,2016-04-24
3n3Pp559469xV,Shape of You,Ed Sheeran,EDM,63,217806,True,0.695,0.816,113.2,2020-09-01
3n3Pp974244xV,SICKO MODE,Travis Scott,Pop,77,173695,False,0.785,0.85,95.9,2015-05-26
3n3Pp669605xV,Anti-Hero,Ariana Grande,Indie,56,224729,True,0.545,0.353,96.0,2015-02-02
3n3Pp837715xV,Say So,BTS,Pop,97,157195,True,0.558,0.927,163.6,2019-02-09
3n3Pp417212xV,Tití Me Preguntó,Coldplay,K-Pop,91,251335,true,0.619,0.82,117.5,2020-12-20
3n3Pp741390xV,Lose Yourself,Drake,EDM,98,163015,True,0.812,0.686,99.5,2021-05-23
3n3Pp946305xV,Blinding Lights,Ariana Grande,Reggaeton,65,192705,True,0.588,0.363,119.6,2017-03-19
3n3Pp785743xV,Umbrella,The Weeknd,EDM,69,206182,False,0.705,0.846,127.4,2022-02-05
3n3Pp654634xV,Levitating,,Pop,52,208025,No,0.498,0.775,155.3,2020-03-25
3n3Pp108203xV,Uptown Funk,BTS,Rap,78,209011,False,0.573,0.366,155.4,2024-07-21
3n3Pp800305xV,Shape of You,Bad Bunny,K-Pop,66,204193,False,0.52,0.511,137.3,2022-11-04
3n3Pp956795xV,Uptown Funk,Rihanna,EDM,72,220538,False,0.716,0.738,154.4,2023-09-08
3n3Pp681542xV,Lose Yourself,Coldplay,R&B,-99,257349,true,0.501,0.821,159.1,2024-08-22
3n3Pp413921xV,Uptown Funk,Billie Eilish,Hip-Hop,78,284553,False,0.81,0.62,174.0,2022-05-11
3n3Pp795613xV,Bléeding Love,Doja Cat,Hip-Hop,57,155256,False,0.912,0.944,112.4,2022-04-03
3n3Pp208618xV,Sugar,Ariana Grande,Hip-Hop,99,152332,False,0.505,0.398,145.0,2019-05-23
3n3Pp240814xV,HUMBLE.,Coldplay,Rap,65,274281,False,0.805,0.909,174.8,2016-06-18
3n3Pp377312xV,Anti-Hero,Bad Bunny,Reggaeton,63,184685,True,0.529,0.475,178.7,2018-11-21
3n3Pp221035xV,Shape of You,Travis Scott,R&B,97,195403,False,0.533,0.547,128.7,2018-12-03
3n3Pp212235xV,Bléeding Love,Kendrick Lamar,Reggaeton,87,152218,False,0.546,0.425,90.5,2016-08-02
3n3Pp878480xV,Lose Yourself,The Weeknd,,94,unknown,False,0.526,0.924,122.7,2018-01-22
3n3Pp680097xV,  Dynamite ,,R&B,72,216162,Yes,0.859,0.525,87.8,2018-08-27
3n3Pp262998xV,Levitating,BTS,Hip-Hop,95,230074,False,0.86,0.885,126.4,2021-04-16
3n3Pp385577xV,HUMBLE.,Dua Lipa,Reggaeton,89,222188,true,,0.521,99.2,2016-06-07
3n3Pp395442xV,Bléeding Love,Maroon 5,R&B,90,261098,True,0.828,0.632,174.0,2024-09-17
3n3Pp734210xV,7 rings,Travis Scott,EDM,77,248690,True,0.466,0.344,78.1,2020-05-23
3n3Pp320861xV,Levitating,Drake,Reggaeton,60,241412,False,0.443,0.377,152.5,2022
3n3Pp852470xV,Stay,rihanna,Pop,89,270323,true,0.926,0.625,162.2,2023
3n3Pp459536xV,Umbrella,Post Malone,K-Pop,58,216059,True,0.671,0.875,127.3,2018-06-13
3n3Pp313487xV,Dynamite,Bruno Mars,Reggaeton,100,207202,true,0.404,0.492,77.8,2022-10-17
3n3Pp820892xV,Levitating,Bad Bunny,Pop,63,272342,True,0.871,0.537,93.8,2018-07-07
3n3Pp765046xV,Dynamite,Ed Sheeran,Pop,63,229205,No,0.927,0.691,138.5,2016-05-14
3n3Pp994343xV,Yellow,taylor swift,R&B,53,286482,True,0.866,0.645,109.3,2017-11-10
3n3Pp376807xV,Bad Guy,Taylor Swift,EDM,86,254111,true,0.604,0.576,106.8,2024-11-04
3n3Pp629959xV,Sugar,Post Malone,Hip-Hop,72,176820,False,0.573,0.786,140.4,2017-08-04
3n3Pp612262xV,HUMBLE.,Kendrick Lamar,K-Pop,84,151926,Yes,0.894,0.373,154.8,2016-04-01
3n3Pp363319xV,Lose Yourself,Bad Bunny,Reggaeton,67,284090,False,0.885,0.678,144.4,2022-03-09
3n3Pp987204xV,SICKO MODE,Bad Bunny,EDM,88,248102,True,0.716,0.348,129.6,2015-08-22
3n3Pp153266xV,Bad Guy,Travis Scott,K-Pop,84,297182,No,0.551,0.505,126.7,2023-08-12
3n3Pp196781xV,Dynamite,BTS,R&B,60,224102,False,0.501,0.613,123.9,2019-02-18
3n3Pp765095xV,Circles,Ed Sheeran,EDM,70,228243,No,0.82,0.702,105.8,2016-06-14
3n3Pp544151xV,SICKO MODE,Ariana Grande,Hip-Hop,95,178338,False,0.681,0.462,127.3,2018-03-13
3n3Pp969634xV,  Circles ,Rihanna,Pop,68,276284,True,0.619,0.466,128.0,2023-07-17
3n3Pp390120xV,Circles,Coldplay,Rock,68,166734,False,0.813,0.408,132.0,2020-01-15
3n3Pp146228xV,Lose Yourself,bts,Rock,86,238154,False,0.471,0.628,160.0,2019-06-04
3n3Pp103717xV,HUMBLE.,Bruno Mars,Rock,67,222478,No,0.689,0.345,131.8,2015-11-13
3n3Pp449759xV,Levitating,Doja Cat,Indie,82,235232,False,0.633,0.442,76.9,2021-04-10
3n3Pp908577xV,HUMBLE.,Ed Sheeran,,93,222583,False,0.917,0.772,155.2,2018-07-06
3n3Pp237174xV,Yellow,Bruno Mars,Rap,56,218458,true,0.418,0.593,179.0,2024-05-17
3n3Pp768061xV,Dynamite,Bad Bunny,EDM,58,228326,true,0.591,0.967,167.4,2024-08-17
3n3Pp374680xV,Bad Guy,Kendrick Lamar,Hip-Hop,98,199377,False,0.873,0.686,87.5,2021
3n3Pp269430xV,  Circles ,Maroon 5,R&B,100,189303,False,0.827,0.533,122.3,2015-11-08
3n3Pp877236xV,Tití Me Preguntó,Bruno Mars,Pop,76,285605,True,0.651,0.772,164.6,2016-04-04
3n3Pp563298xV,Say So,Billie Eilish,K-Pop,53,212993,False,0.466,0.418,121.5,2015-01-19
3n3Pp678478xV,Dynamite,Taylor Swift,Indie,Not Available,164883,False,0.685,0.755,78.8,2019-04-03
3n3Pp839945xV,7 rings,Coldplay,Rap,91,255931,True,0.574,0.803,93.6,2023-02-09
3n3Pp548462xV,7 rings,Eminem,EDM,58,233777,True,0.405,0.784,144.2,2018-10-23
3n3Pp688153xV,Yellow,Rihanna,,94,186681,True,0.771,0.869,156.8,2021-07-13
3n3Pp110139xV,Shape of You,Rihanna,Indie,58,156672,No,0.609,0.378,167.9,2016-04-24
3n3Pp217308xV,Circles,Travis Scott,Pop,65,280383,False,0.455,0.705,92.2,2019-08-07
3n3Pp178898xV,  Anti-Hero ,Coldplay,EDM,59,227490,True,0.599,0.521,120.2,2017-04-12
3n3Pp824586xV,Circles,Bad Bunny,Rock,95,218007,False,0.874,0.366,107.8,2025-05-23
3n3Pp256294xV,One Dance,Coldplay,Pop,70,259724,False,0.503,0.603,115.9,2024-05-24
3n3Pp672092xV,Yellow,BTS,R&B,65,256063,No,0.545,0.509,155.2,2015-02-06
3n3Pp137778xV,Umbrella,Coldplay,Rap,98,251783,False,0.548,0.576,134.7,2023
3n3Pp975136xV,,Taylor Swift,Hip-Hop,93,159258,True,0.927,0.707,126.5,2022-12-10
3n3Pp487151xV,HUMBLE.,Ariana Grande,Rock,75,299957,False,0.589,0.766,133.1,2018-03-11
3n3Pp710805xV,  Lose Yourself ,Billie Eilish,Rap,81,199785,True,0.501,0.706,131.6,2025-02-06
3n3Pp679364xV,Lose Yourself,Eminem,Reggaeton,59,239959,True,0.633,0.858,124.3,2017-06-15
3n3Pp255287xV,Dynamite,Bad Bunny,R&B,-99,208291,True,0.631,0.523,134.0,2017-01-22
3n3Pp550664xV,Bad Guy,Rihanna,EDM,90,290151,True,0.814,0.739,91.4,2022-07-11
3n3Pp233636xV,Dynamite,Drake,Indie,67,274711,True,0.601,0.342,80.9,2015-03-09
3n3Pp143860xV,Bad Guy,Eminem,Hip-Hop,90,243977,True,0.62,0.448,102.7,2016-03-22
3n3Pp423232xV,,Maroon 5,Rap,76,unknown,False,0.648,0.394,137.1,2015-10-12
3n3Pp482364xV,Tití Me Preguntó,The Weeknd,Rock,Not Available,228694,True,0.714,0.695,114.7,2022-10-01
3n3Pp934794xV,Sugar,Taylor Swift,Reggaeton,78,194560,True,0.939,0.813,146.0,2022-04-16
3n3Pp141832xV,Say So,Dua Lipa,K-Pop,54,296341,False,0.777,0.851,155.5,2016-01-27
3n3Pp475190xV,SICKO MODE,Travis Scott,Rap,90,197483,False,0.848,0.815,104.9,2015-10-22
3n3Pp320281xV,SICKO MODE,Ed Sheeran,Reggaeton,100,227013,False,0.796,0.749,81.4,2019-04-17
3n3Pp815198xV,,Doja Cat,Rock,99,175586,True,,0.608,137.0,2023-03-25
3n3Pp361650xV,Bléeding Love,Eminem,Rap,55,273412,False,0.705,0.498,88.5,2017-02-04
3n3Pp799330xV,SICKO MODE,Drake,EDM,75,183539,False,0.871,0.719,113.5,2019-12-11
3n3Pp207786xV,SICKO MODE,BTS,Rap,82,217804,True,0.508,0.604,160.0,2022-08-24
3n3Pp470858xV,Anti-Hero,Eminem,Indie,97,296546,True,0.84,0.44,136.3,2020-09-09
3n3Pp918011xV,Tití Me Preguntó,Doja Cat,Pop,67,197990,true,0.806,0.897,155.3,2025-08-09
3n3Pp687080xV,Uptown Funk,Eminem,Pop,94,237984,True,0.66,0.504,140.6,2020-08-01
3n3Pp526117xV,Levitating,Travis Scott,Indie,73,173409,False,0.405,0.84,115.0,2020-05-23
3n3Pp750810xV,HUMBLE.,dua lipa,R&B,79,unknown,True,0.632,0.762,120.0,2020-09-25
3n3Pp885884xV,  Tití Me Preguntó ,Ed Sheeran,Reggaeton,81,243135,True,0.474,0.925,179.2,2025-10-16
3n3Pp262060xV,Shape of You,Maroon 5,Pop,Not Available,208544,False,0.891,0.937,118.3,2016-05-22
3n3Pp348237xV,  Blinding Lights ,The Weeknd,Pop,87,230500,False,0.747,0.788,80.9,2023-12-21
3n3Pp270395xV,Dynamite,Billie Eilish,Indie,Not Available,260224,False,0.694,0.922,100.6,2015-03-14
3n3Pp938742xV,Stay,Ed Sheeran,R&B,99,236852,False,0.574,0.973,99.6,2018-11-05
3n3Pp950155xV,Uptown Funk,Ed Sheeran,R&B,96,247434,True,0.668,0.696,107.8,2020-08-01
3n3Pp285652xV,HUMBLE.,BTS,EDM,55,218304,True,0.538,0.716,83.9,2018-10-24
3n3Pp532322xV,HUMBLE.,Billie Eilish,K-Pop,96,227083,False,0.872,0.647,147.2,00-00-0000
3n3Pp125990xV,Lose Yourself,Justin Bieber,Rock,79,271572,True,0.426,0.876,166.2,2016-04-13
3n3Pp288073xV,Circles,Bad Bunny,Rap,90,180875,False,0.454,0.88,87.0,2025-02-09
3n3Pp872343xV,Levitating,The Weeknd,R&B,92,273348,True,0.49,0.342,92.8,2025-11-18
3n3Pp448321xV,Circles,Ed Sheeran,Pop,94,unknown,Yes,0.519,0.913,131.5,2022-09-06
3n3Pp920391xV,Anti-Hero,The Weeknd,Reggaeton,Not Available,168668,True,0.54,0.958,78.9,2019-11-12
3n3Pp531712xV,,Coldplay,Rap,54,273789,No,0.861,0.301,144.1,2020-07-19
3n3Pp941204xV,Say So,Travis Scott,Hip-Hop,100,200998,True,0.453,0.681,119.4,2021-05-10
3n3Pp802448xV,SICKO MODE,Doja Cat,R&B,84,unknown,True,0.81,0.966,129.0,2018-01-19
3n3Pp870763xV,Dynamite,Dua Lipa,Hip-Hop,75,181409,False,0.543,0.375,119.2,2023-12-11
3n3Pp950132xV,Anti-Hero,The Weeknd,EDM,63,250052,true,0.598,0.492,77.1,00-00-0000
3n3Pp360222xV,Stay,Justin Bieber,Hip-Hop,77,288893,False,0.707,0.321,124.3,2022-10-26
3n3Pp379766xV,Uptown Funk,Billie Eilish,Reggaeton,63,228212,False,,0.594,77.3,2020-05-04
3n3Pp266931xV,Stay,Taylor Swift,Rap,81,258293,True,0.589,0.701,108.2,2015-08-22
3n3Pp925622xV,Anti-Hero,Ed Sheeran,R&B,67,164172,False,0.626,0.725,134.9,2017-08-22
3n3Pp835343xV,7 rings,Bruno Mars,EDM,70,189525,True,0.593,0.784,108.9,2017-09-10
3n3Pp213346xV,HUMBLE.,Beyoncé,Rock,68,186009,True,0.774,0.576,85.3,2024-09-22
3n3Pp501124xV,Stay,Bad Bunny,Rap,71,202506,False,0.733,0.596,126.3,2017-05-16
3n3Pp140605xV,Circles,Drake,K-Pop,85,unknown,true,0.717,0.444,147.5,2019-02-26
3n3Pp593554xV,Anti-Hero,,K-Pop,86,257267,False,0.757,0.418,96.6,2019-01-15
3n3Pp333238xV,Blinding Lights,Rihanna,R&B,58,299265,False,0.696,0.395,127.2,2015-04-10
3n3Pp309267xV,  Circles ,Coldplay,,86,269949,True,0.939,0.678,160.2,2024-02-02
3n3Pp956253xV,Say So,Beyoncé,R&B,81,187545,True,0.557,0.873,145.1,2022-05-01
3n3Pp582662xV,Sugar,Doja Cat,Rock,100,232938,True,0.579,0.545,92.5,2021-06-22
3n3Pp466643xV,Tití Me Preguntó,Bad Bunny,K-Pop,71,197279,Yes,0.681,0.584,106.4,2015-01-09
3n3Pp420015xV,Levitating,rihanna,K-Pop,93,171184,True,0.826,0.496,176.8,2017-06-10
3n3Pp960394xV,Circles,Beyoncé,Rock,98,277816,False,0.646,0.893,96.2,2023-11-25
3n3Pp933980xV,Umbrella,Travis Scott,Indie,53,237196,False,0.443,0.385,141.7,2023-03-03
3n3Pp338651xV,Dynamite,Maroon 5,K-Pop,52,196353,True,0.738,0.308,177.3,2019-03-24
3n3Pp333752xV,  Bléeding Love ,Taylor Swift,Pop,56,232159,No,0.655,0.741,82.9,2018-07-19
3n3Pp124813xV,HUMBLE.,Beyoncé,Reggaeton,90,165207,True,0.926,0.398,164.3,2016-05-08
3n3Pp792094xV,Shape of You,Post Malone,Pop,100,151235,False,0.878,0.902,97.5,2015-08-12
3n3Pp302511xV,Bléeding Love,Rihanna,Indie,79,268503,False,0.752,0.747,102.8,2018-11-21
3n3Pp517821xV,  Umbrella ,The Weeknd,Pop,51,221703,True,0.911,0.963,106.2,2021-07-13
3n3Pp444207xV,Bad Guy,Taylor Swift,Pop,57,204888,False,0.632,0.392,135.2,2016-05-10
3n3Pp392136xV,Lose Yourself,Kendrick Lamar,Reggaeton,60,194198,True,0.737,0.393,159.5,2024-05-06
3n3Pp172792xV,Tití Me Preguntó,Ariana Grande,EDM,78,191532,True,0.623,0.848,140.6,2024-07-22
3n3Pp910891xV,Levitating,Bruno Mars,Rap,79,278339,False,0.899,0.885,175.6,2020-10-05
3n3Pp392683xV,Stay,Bad Bunny,Indie,50,173079,False,0.444,0.908,150.4,2025-04-09
3n3Pp468203xV,Umbrella,Kendrick Lamar,EDM,77,183922,True,0.589,0.773,135.7,2017-07-18
3n3Pp772642xV,Bad Guy,Rihanna,Rap,62,263694,False,0.572,0.933,137.1,2018-05-10
3n3Pp634150xV,Stay,Drake,Hip-Hop,94,262567,False,0.759,0.724,103.7,2016-05-19
3n3Pp519093xV,Blinding Lights,Drake,Hip-Hop,58,255747,True,0.791,0.609,134.5,2025-08-18
3n3Pp812526xV,Levitating,Dua Lipa,,91,262466,False,,0.588,130.8,2017-07-26
3n3Pp984642xV,Circles,Maroon 5,Pop,69,275147,False,0.618,0.858,119.8,2021-02-05
3n3Pp662262xV,Say So,Ed Sheeran,Indie,60,250484,False,0.888,0.562,111.5,2023-08-23
3n3Pp447235xV,Lose Yourself,Drake,Hip-Hop,67,151223,True,0.83,0.454,83.0,2020-09-22
3n3Pp128941xV,Stay,Ed Sheeran,K-Pop,55,159889,False,0.916,0.589,161.5,2020-08-12
3n3Pp220944xV,Sugar,Billie Eilish,EDM,91,289927,True,0.811,0.305,128.0,2021-08-14
3n3Pp373903xV,7 rings,Maroon 5,K-Pop,73,202275,True,0.687,0.639,106.5,00-00-0000
3n3Pp287241xV,Uptown Funk,Doja Cat,EDM,66,247806,True,0.648,0.797,144.7,2023-01-25
3n3Pp708792xV,Bléeding Love,BTS,Reggaeton,55,153690,True,,0.784,107.9,2021-02-25
3n3Pp378361xV,Levitating,Dua Lipa,Pop,73,234466,True,0.87,0.483,118.5,2017-10-10
3n3Pp140115xV,One Dance,Ariana Grande,Hip-Hop,92,289207,False,0.469,0.93,101.4,2018-10-17
3n3Pp213668xV,7 rings,Maroon 5,Indie,91,199958,False,0.529,0.692,129.1,2020-03-20
3n3Pp725550xV,Tití Me Preguntó,Beyoncé,K-Pop,60,154696,False,0.538,0.323,145.5,2023-10-10
3n3Pp555673xV,Stay,Post Malone,Rock,53,151081,Yes,0.809,0.326,132.5,2015-07-05
3n3Pp462479xV,Shape of You,Rihanna,Indie,75,215227,True,0.812,0.629,167.5,2021-11-01
3n3Pp863934xV,HUMBLE.,Beyoncé,Pop,90,209314,False,0.516,0.551,140.9,2022-09-15
3n3Pp924629xV,Levitating,Maroon 5,,69,240269,False,0.618,0.695,129.2,2015-02-02
3n3Pp428914xV,SICKO MODE,Bruno Mars,,96,231813,False,0.453,0.954,94.6,2019-11-04
3n3Pp557592xV,Blinding Lights,Bad Bunny,R&B,94,183798,False,0.915,0.354,127.4,2020
3n3Pp735656xV,Bad Guy,Bad Bunny,K-Pop,98,176924,False,0.66,0.797,144.4,2019-10-16
3n3Pp636265xV,7 rings,BTS,Rock,64,250545,False,0.43,0.658,161.5,2020-01-04
3n3Pp221263xV,SICKO MODE,Eminem,Hip-Hop,77,281946,False,0.824,0.884,173.5,2024-11-17
3n3Pp503906xV,Umbrella,Bruno Mars,R&B,91,230246,True,0.688,0.81,103.1,2015-12-07
3n3Pp704596xV,Bad Guy,Rihanna,Rock,55,193783,False,0.948,0.49,142.0,2023-03-18
3n3Pp299312xV,Levitating,Travis Scott,,95,167114,False,0.457,0.652,159.9,2022-03-08
3n3Pp367095xV,Circles,Bruno Mars,Indie,56,161984,True,0.74,0.656,164.5,2025-11-28
3n3Pp146542xV,Say So,Dua Lipa,,50,228171,False,0.446,0.715,170.2,2017-05-21
3n3Pp843215xV,Say So,Rihanna,Pop,63,226238,True,0.912,0.467,173.1,2019-12-01
3n3Pp557239xV,Blinding Lights,Ariana Grande,R&B,80,269518,True,0.614,0.729,151.3,2022-10-23
3n3Pp101773xV,Bad Guy,Bruno Mars,Indie,54,286390,False,0.526,0.751,81.3,2018-02-03
3n3Pp645175xV,Yellow,Bad Bunny,Rock,58,287394,True,0.806,0.755,96.1,2015-03-20
3n3Pp945687xV,SICKO MODE,Dua Lipa,Pop,87,238561,False,0.644,0.765,123.6,2016-09-04
3n3Pp664607xV,Anti-Hero,Bruno Mars,Rock,64,263682,False,0.47,0.667,100.2,2018-04-04
3n3Pp820221xV,Tití Me Preguntó,Dua Lipa,EDM,83,185072,True,0.69,0.694,153.4,2022-01-27
3n3Pp854377xV,Umbrella,Billie Eilish,Hip-Hop,93,239845,Yes,0.494,0.717,155.4,2023-08-13
3n3Pp877991xV,Circles,Coldplay,R&B,-99,278497,False,0.419,0.914,163.6,2015-02-10
3n3Pp872840xV,Stay,Ed Sheeran,Rap,50,244175,No,0.596,0.664,118.1,2021-08-06
3n3Pp803204xV,7 rings,Kendrick Lamar,Indie,50,199394,False,0.903,0.307,165.3,2018-09-09
3n3Pp306606xV,Bléeding Love,Drake,Reggaeton,94,193223,true,0.875,0.609,170.7,2024-11-15
3n3Pp481913xV,Circles,Drake,Rap,71,255746,True,0.657,0.916,141.6,2025-10-04
3n3Pp552248xV,,drake,Rock,57,155013,True,0.879,0.69,163.8,2021
3n3Pp173372xV,Circles,Drake,Reggaeton,77,209878,True,0.914,0.525,103.0,2015-03-05
3n3Pp796503xV,Yellow,Bruno Mars,Hip-Hop,94,208804,True,0.702,0.54,105.1,2025-04-06
3n3Pp446239xV,Sugar,Bad Bunny,Reggaeton,58,184394,False,0.474,0.965,91.9,2023-12-23
3n3Pp753425xV,SICKO MODE,Coldplay,Hip-Hop,80,205362,True,,0.5,147.1,2023-04-16
3n3Pp429164xV,SICKO MODE,Ed Sheeran,Reggaeton,54,155744,True,0.697,0.414,99.8,2022-05-10
3n3Pp795612xV,Shape of You,BTS,R&B,64,282286,False,0.725,0.773,100.0,2025-02-19
3n3Pp989208xV,HUMBLE.,Taylor Swift,Rock,74,194298,False,0.651,0.706,90.7,2022-06-22
3n3Pp230679xV,Shape of You,Doja Cat,Rap,55,182286,True,0.812,0.507,77.9,2019-07-13
3n3Pp854717xV,Umbrella,BTS,R&B,96,246099,True,0.883,0.834,158.7,2016-08-14
3n3Pp414910xV,,BTS,Rock,56,159794,True,0.639,0.477,107.6,2021-03-01
3n3Pp631756xV,Yellow,Dua Lipa,Pop,56,248354,False,0.752,0.728,126.0,2019-08-04
3n3Pp424308xV,Uptown Funk,bad bunny,Rap,Not Available,217053,False,0.694,0.693,179.1,2024-07-01
3n3Pp799287xV,Dynamite,Bruno Mars,R&B,73,290177,True,0.9,0.69,119.3,2024-05-02
3n3Pp528231xV,HUMBLE.,Coldplay,Rap,69,162736,True,0.665,0.746,170.1,2025-11-22
3n3Pp442027xV,Dynamite,Bruno Mars,Indie,58,162572,True,0.525,0.498,96.2,2024-08-02
3n3Pp521947xV,Lose Yourself,Taylor Swift,Pop,74,unknown,False,0.449,0.801,103.6,2020-03-15
3n3Pp831076xV,SICKO MODE,Post Malone,EDM,99,155175,False,0.569,0.319,78.1,2022-05-01
3n3Pp410016xV,Sugar,Maroon 5,Pop,98,162644,True,0.627,0.63,157.9,2017-06-17
3n3Pp681343xV,One Dance,Post Malone,K-Pop,58,180353,False,0.486,0.386,104.2,2023-04-12
3n3Pp233470xV,Bléeding Love,Coldplay,EDM,91,259255,True,0.406,0.352,132.8,2023-07-17
3n3Pp301158xV,Umbrella,Bad Bunny,EDM,93,266474,true,0.688,0.833,142.7,2016-03-21
3n3Pp540869xV,Bléeding Love,Doja Cat,R&B,59,249681,True,0.817,0.471,79.4,2017-06-21
3n3Pp797229xV,Yellow,Beyoncé,Hip-Hop,54,182399,True,0.475,0.719,150.9,2024-06-15
3n3Pp497562xV,One Dance,Eminem,Rap,83,293466,False,0.558,0.487,157.1,2017-05-26
3n3Pp810219xV,Say So,Ed Sheeran,Indie,86,216253,true,0.694,0.475,80.8,2025-05-13
3n3Pp884475xV,Tití Me Preguntó,Kendrick Lamar,Indie,50,274360,False,0.778,0.804,169.1,2016-11-16
3n3Pp282480xV,Anti-Hero,Travis Scott,K-Pop,89,190141,True,0.671,0.711,108.0,2021-08-20
3n3Pp745414xV,Dynamite,Bad Bunny,Rap,91,203869,False,0.816,0.919,106.3,2025-03-19
3n3Pp696750xV,Bléeding Love,Coldplay,Pop,60,152439,True,0.565,0.802,81.7,2023-11-17
3n3Pp415568xV,Lose Yourself,BTS,Rock,78,228935,False,0.821,0.748,175.3,2019-03-23
3n3Pp525800xV,Say So,Coldplay,Pop,72,260328,False,0.839,0.551,169.2,2020-10-19
3n3Pp674553xV,Dynamite,Bad Bunny,R&B,96,176471,False,0.728,0.419,145.5,2020-10-20
3n3Pp974224xV,Shape of You,Billie Eilish,EDM,63,286395,False,0.838,0.832,168.0,2021-02-02
3n3Pp100425xV,,Doja Cat,Rap,90,220772,False,0.702,0.461,116.7,2015-12-06
3n3Pp418635xV,Levitating,Travis Scott,Indie,97,185956,Yes,0.504,0.423,163.2,2018-02-22
3n3Pp400850xV,Bléeding Love,Bruno Mars,K-Pop,59,259792,True,0.885,0.659,163.5,2016-08-22
3n3Pp320392xV,Umbrella,BTS,Pop,76,177502,True,0.64,0.323,99.8,2022-06-25
3n3Pp550770xV,Tití Me Preguntó,Maroon 5,EDM,89,284108,True,0.537,0.969,135.0,2018-12-26
3n3Pp923927xV,Lose Yourself,Maroon 5,Rock,93,180863,True,0.793,0.958,127.5,2018-02-06
3n3Pp708158xV,  Say So ,BTS,K-Pop,78,224109,False,,0.705,87.7,2021-07-03
3n3Pp736130xV,HUMBLE.,The Weeknd,Hip-Hop,63,179887,No,0.856,0.859,144.7,2015-10-09
3n3Pp786508xV,One Dance,Maroon 5,Pop,55,177856,True,0.521,0.87,135.9,2016-01-28
3n3Pp437902xV,Bléeding Love,Billie Eilish,Rock,56,280479,False,0.444,0.812,156.4,2016-08-25
3n3Pp587575xV,Umbrella,the weeknd,EDM,58,202074,False,0.744,0.581,130.2,2020-10-21
3n3Pp563246xV,Anti-Hero,Justin Bieber,Hip-Hop,98,202363,True,0.684,0.561,127.1,2015-03-11
3n3Pp563638xV,Umbrella,Billie Eilish,Rock,57,218942,True,0.84,0.749,84.5,2016-12-15
3n3Pp808446xV,Shape of You,Post Malone,Rock,87,287139,true,0.737,0.794,138.0,2021-03-21
3n3Pp324082xV,Bléeding Love,Dua Lipa,Reggaeton,96,202867,False,0.782,0.414,156.2,2024-09-07
3n3Pp636004xV,Uptown Funk,Coldplay,K-Pop,74,243827,Yes,0.55,0.693,107.9,2018
3n3Pp596171xV,  Umbrella ,The Weeknd,R&B,72,257415,true,0.757,0.872,162.4,2022-11-10
3n3Pp932291xV,Say So,Justin Bieber,Hip-Hop,77,227424,True,0.693,0.337,152.4,2018-04-24
3n3Pp934692xV,,Ed Sheeran,Hip-Hop,70,192040,No,0.548,0.48,159.6,2017-07-27
3n3Pp871711xV,Dynamite,Doja Cat,Pop,100,160329,False,0.503,0.857,153.1,2023-04-03
3n3Pp277934xV,Umbrella,Ariana Grande,Indie,58,293691,True,0.438,0.336,173.2,2024-01-21
3n3Pp790855xV,Circles,Drake,EDM,65,unknown,True,,0.616,97.9,2025-02-07
3n3Pp188914xV,Blinding Lights,Ed Sheeran,Pop,67,204445,False,0.461,0.624,86.2,2015-03-01
3n3Pp397571xV,7 rings,The Weeknd,K-Pop,91,276003,True,0.65,0.624,97.5,2020-07-19
3n3Pp640490xV,  Bad Guy ,Drake,R&B,55,236665,False,0.649,0.945,103.8,2023-02-11
3n3Pp796101xV,Blinding Lights,,Rock,65,211474,False,0.785,0.927,117.9,2017-11-24
3n3Pp763686xV,Lose Yourself,Eminem,Hip-Hop,85,150717,True,0.671,0.459,165.6,2025-09-16
3n3Pp749342xV,Say So,Ariana Grande,Indie,88,153342,True,0.576,0.765,80.9,2018-04-19
3n3Pp451470xV,One Dance,Bruno Mars,Rock,88,173331,True,,0.565,131.0,2022-09-12
3n3Pp197923xV,Anti-Hero,Rihanna,K-Pop,96,unknown,True,0.933,0.479,148.5,2020-10-18
3n3Pp958179xV,  Uptown Funk ,Dua Lipa,Pop,88,279526,True,0.412,0.661,86.9,2017-02-15
3n3Pp887625xV,Yellow,Justin Bieber,K-Pop,68,189097,True,0.935,0.596,132.3,2021-11-13
3n3Pp346277xV,One Dance,,Rap,99,173614,True,0.555,0.496,124.9,2016-10-03
3n3Pp805477xV,Dynamite,Post Malone,Rock,94,284140,Yes,0.469,0.842,100.9,2017-09-10
3n3Pp425498xV,Anti-Hero,Dua Lipa,Hip-Hop,51,169673,False,0.641,0.56,104.2,2016-02-16
3n3Pp335552xV,One Dance,Doja Cat,Indie,92,176552,True,0.405,0.515,157.3,2018-01-20
3n3Pp945742xV,HUMBLE.,Maroon 5,Hip-Hop,69,217080,True,0.45,0.661,90.2,2023-06-01
3n3Pp308802xV,Anti-Hero,Drake,Indie,63,210597,True,0.408,0.95,124.9,2018-05-27
3n3Pp254511xV,Circles,Taylor Swift,Hip-Hop,83,269734,True,0.519,0.366,113.6,2019-07-23
3n3Pp125611xV,Uptown Funk,Ed Sheeran,Hip-Hop,88,227600,True,0.631,0.661,107.4,2020-02-28
3n3Pp148458xV,Stay,Justin Bieber,Pop,82,219238,True,0.832,0.541,142.8,2017-05-03
3n3Pp356736xV,Shape of You,Maroon 5,Pop,62,271707,False,0.674,0.874,170.0,2023-10-08
3n3Pp598216xV,Uptown Funk,Taylor Swift,EDM,97,163128,True,0.604,0.715,78.7,2023-10-17
3n3Pp740967xV,Yellow,drake,K-Pop,75,176164,True,0.783,0.743,152.6,2019-07-20
3n3Pp991014xV,7 rings,Billie Eilish,Hip-Hop,68,unknown,True,0.417,0.485,158.9,2015-09-23
3n3Pp905819xV,  Umbrella ,rihanna,Reggaeton,-99,160340,False,0.444,0.484,80.7,2016-10-16
3n3Pp176365xV,7 rings,Bruno Mars,Pop,53,226170,False,0.813,0.846,171.3,2019-11-01
3n3Pp577538xV,7 rings,Kendrick Lamar,Indie,100,244428,True,0.48,0.474,145.5,2015-06-14
3n3Pp534572xV,One Dance,Maroon 5,Pop,100,231974,False,0.547,0.697,101.6,2019-04-11
3n3Pp760356xV,Dynamite,Rihanna,R&B,65,261672,True,0.616,0.614,115.4,2015-03-07
3n3Pp703634xV,Shape of You,Bruno Mars,EDM,81,180382,True,0.699,0.759,142.1,2023-12-11
3n3Pp303880xV,Yellow,Billie Eilish,Hip-Hop,74,174903,False,0.5,0.464,148.6,2025-01-08
3n3Pp853240xV,Tití Me Preguntó,Eminem,Hip-Hop,57,162029,True,0.893,0.757,169.8,00-00-0000
3n3Pp830180xV,Stay,Beyoncé,Pop,65,152535,False,0.538,0.824,147.0,2024-10-23
3n3Pp502630xV,Dynamite,Bad Bunny,Rap,81,186279,False,0.61,0.654,131.2,2015-06-03
3n3Pp618392xV,7 rings,Coldplay,Pop,90,194698,True,0.407,0.761,99.8,2021
3n3Pp519066xV,Bléeding Love,Bruno Mars,R&B,88,236156,False,0.936,0.975,121.5,2024-02-18
3n3Pp355836xV,Shape of You,Bad Bunny,EDM,54,243723,False,0.793,0.513,75.8,2022-03-09
3n3Pp254739xV,SICKO MODE,Post Malone,EDM,83,264744,No,0.612,0.307,175.9,2015-02-02
3n3Pp787926xV,Blinding Lights,Doja Cat,Hip-Hop,50,220335,True,0.936,0.306,172.4,2022
3n3Pp821024xV,Blinding Lights,Kendrick Lamar,EDM,73,174366,True,0.536,0.346,171.4,2025-06-14
3n3Pp105814xV,Circles,Beyoncé,Rock,70,247680,True,0.947,0.58,106.6,00-00-0000
3n3Pp887443xV,Umbrella,Post Malone,Pop,58,239842,True,0.51,0.657,173.3,2018-01-02
3n3Pp907451xV,Dynamite,Taylor Swift,Indie,74,197938,True,0.804,0.766,154.5,2015-04-18
3n3Pp211764xV,Uptown Funk,Travis Scott,EDM,86,179840,Yes,0.452,0.539,106.2,2024-07-22
3n3Pp916232xV,Dynamite,Ariana Grande,Indie,76,255061,True,0.766,0.793,165.2,2025-12-01
3n3Pp545798xV,7 rings,Maroon 5,EDM,73,254923,False,0.515,0.471,91.8,2023-08-02
3n3Pp329471xV,SICKO MODE,Taylor Swift,Hip-Hop,84,269678,True,0.614,0.323,121.1,2021-07-23
3n3Pp284430xV,SICKO MODE,The Weeknd,K-Pop,93,221259,True,0.929,0.721,108.3,2017-07-23
3n3Pp943170xV,Umbrella,,Pop,Not Available,251113,True,0.915,0.339,160.3,2021-09-05
3n3Pp829716xV,Yellow,Post Malone,Indie,98,275369,Yes,0.487,0.704,142.7,2016-08-04
3n3Pp643118xV,Shape of You,Eminem,Rap,80,260556,No,0.801,0.908,157.9,2024-06-12
3n3Pp587115xV,Bad Guy,Ed Sheeran,K-Pop,99,193720,True,,0.447,103.8,2018-06-14
3n3Pp152657xV,Lose Yourself,Billie Eilish,Rock,54,179637,False,0.702,0.708,83.4,2015
3n3Pp684482xV,Tití Me Preguntó,Post Malone,Hip-Hop,51,184737,True,0.467,0.383,156.8,2016-10-01
3n3Pp361303xV,Anti-Hero,Dua Lipa,Hip-Hop,87,165373,No,0.665,0.951,126.6,2018-07-24
3n3Pp989545xV,Uptown Funk,Bad Bunny,Pop,54,191784,False,0.564,0.359,152.4,2023-10-02
3n3Pp227253xV,,The Weeknd,Hip-Hop,50,177187,False,0.598,0.711,172.3,2015-12-08
3n3Pp578634xV,Blinding Lights,,Rock,66,259059,No,0.429,0.556,109.9,2015-02-02
3n3Pp239816xV,SICKO MODE,Bruno Mars,Reggaeton,63,276530,No,0.767,0.819,119.3,2017
3n3Pp940346xV,,Justin Bieber,Rap,52,299145,False,0.935,0.741,171.4,2019-01-11
3n3Pp587213xV,One Dance,Ed Sheeran,R&B,53,264861,True,0.53,0.846,85.5,2020-10-21
3n3Pp800005xV,Tití Me Preguntó,Ariana Grande,K-Pop,100,197516,true,0.639,0.426,91.8,2018-05-05
3n3Pp656932xV,  Sugar ,BTS,EDM,75,249549,False,0.408,0.375,102.4,2024-07-16
3n3Pp686075xV,Anti-Hero,Travis Scott,Indie,82,244004,True,0.837,0.425,82.0,2025-02-22
3n3Pp724377xV,Umbrella,Beyoncé,Indie,68,157554,True,0.722,0.5,119.2,2016-02-09
3n3Pp432711xV,Sugar,BTS,Reggaeton,90,184250,True,0.618,0.749,151.6,2023-04-16
3n3Pp891937xV,Anti-Hero,Coldplay,Rock,95,276636,False,0.534,0.351,132.5,2020-04-15
3n3Pp564071xV,SICKO MODE,Drake,Reggaeton,82,277958,True,0.933,0.608,109.3,2019-06-25
3n3Pp742412xV,Anti-Hero,Ariana Grande,Pop,99,179605,true,0.72,0.977,148.0,2023-05-28
3n3Pp954596xV,7 rings,Taylor Swift,Pop,76,257815,True,,0.823,155.0,2025-04-17
3n3Pp854213xV,Umbrella,Bruno Mars,Reggaeton,Not Available,265523,False,0.779,0.771,142.3,2019-06-23
3n3Pp629298xV,SICKO MODE,The Weeknd,R&B,94,162051,True,0.485,0.754,94.3,2023-09-04
3n3Pp547470xV,Dynamite,Rihanna,EDM,75,166603,False,0.824,0.824,121.6,2015-06-14
3n3Pp970914xV,Lose Yourself,Drake,Rap,55,218580,False,0.537,0.475,142.3,2024-08-09
3n3Pp674485xV,Anti-Hero,Dua Lipa,K-Pop,90,232375,False,0.675,0.831,75.3,2016-04-05
3n3Pp567574xV,Shape of You,Doja Cat,R&B,84,153240,Yes,0.777,0.489,96.0,2023-04-10
3n3Pp266889xV,Bléeding Love,Bruno Mars,Rap,84,287577,True,0.586,0.342,107.1,2023-04-04
3n3Pp879779xV,Circles,Doja Cat,Reggaeton,89,298114,True,0.933,0.564,135.5,2020-12-27
3n3Pp597732xV,SICKO MODE,Ariana Grande,Reggaeton,59,208716,False,0.818,0.977,86.6,2017-01-08
3n3Pp571932xV,Say So,Bruno Mars,Indie,67,238683,True,0.433,0.476,101.2,2022-11-25
3n3Pp371782xV,,Post Malone,R&B,55,286078,True,0.596,0.853,149.9,2022-02-01
3n3Pp888295xV,Say So,Bad Bunny,K-Pop,69,287128,False,0.485,0.421,155.6,2022-01-09
3n3Pp359249xV,Sugar,Ariana Grande,R&B,55,174967,True,0.695,0.347,143.2,2019-10-13
3n3Pp980660xV,Levitating,The Weeknd,K-Pop,82,263468,true,0.459,0.966,88.7,2019-02-02
3n3Pp768636xV,SICKO MODE,Dua Lipa,Pop,63,215162,True,0.668,0.436,137.4,2019-10-13
3n3Pp390782xV,Circles,Justin Bieber,Rap,59,276334,true,,0.567,118.1,2022-01-28
3n3Pp903013xV,Shape of You,Maroon 5,Reggaeton,84,240636,False,0.707,0.739,173.6,2021-07-15
3n3Pp915451xV,Bléeding Love,Rihanna,Pop,70,250893,False,0.755,0.374,122.4,2015-04-07
3n3Pp646622xV,SICKO MODE,Coldplay,Rock,75,188968,True,,0.668,166.7,2021-03-22
3n3Pp608136xV,Uptown Funk,Drake,Rap,87,296366,True,0.89,0.593,89.0,2021
3n3Pp757193xV,Circles,Bruno Mars,Rap,90,164304,Yes,0.803,0.717,93.2,2025-05-02
3n3Pp350867xV,Bad Guy,Bad Bunny,Pop,98,153052,True,0.412,0.372,137.3,2023-06-01
3n3Pp387936xV,Anti-Hero,Travis Scott,EDM,91,191137,True,0.608,0.6,109.4,2024-06-27
3n3Pp561239xV,  Dynamite ,Bruno Mars,K-Pop,93,282531,False,0.798,0.476,104.6,2019-10-07
3n3Pp181247xV,Say So,Doja Cat,Rock,91,273021,True,0.538,0.324,83.9,2015-06-24
3n3Pp848206xV,Stay,Ariana Grande,Rock,54,279980,False,0.422,0.348,113.6,2024-07-28
3n3Pp399607xV,  Uptown Funk ,Beyoncé,Rock,69,193359,True,0.789,0.795,116.3,2021
3n3Pp345884xV,Dynamite,Drake,Hip-Hop,94,169625,True,0.707,0.829,114.6,2015-02-18
3n3Pp384913xV,HUMBLE.,Ariana Grande,K-Pop,77,278882,True,0.699,0.313,162.6,2021-12-22
3n3Pp452161xV,Anti-Hero,Post Malone,Rock,-99,234052,False,0.67,0.638,134.9,2019-09-15
3n3Pp435239xV,Yellow,Dua Lipa,Indie,65,213148,Yes,0.712,0.744,77.2,2021-10-24
3n3Pp666390xV,7 rings,Travis Scott,Indie,53,236742,True,0.699,0.301,77.4,2024-09-09
3n3Pp184491xV,Bléeding Love,Dua Lipa,K-Pop,65,222917,False,0.578,0.326,133.6,2017-07-15
3n3Pp245095xV,Levitating,Justin Bieber,K-Pop,55,163199,False,0.658,0.566,139.3,2018-03-01
3n3Pp258157xV,Uptown Funk,Drake,R&B,77,282888,False,0.877,0.403,99.0,2019-11-09
3n3Pp342495xV,Uptown Funk,Beyoncé,EDM,57,208381,True,0.729,0.524,84.3,2016-04-25
3n3Pp501641xV,Shape of You,Bad Bunny,K-Pop,79,294309,True,0.873,0.566,123.6,2023-05-11
3n3Pp827659xV,Circles,Beyoncé,Reggaeton,89,249257,No,0.488,0.303,102.5,2024-07-02
3n3Pp260227xV,7 rings,Beyoncé,Hip-Hop,88,255716,False,0.692,0.781,164.4,2024-05-12
3n3Pp840734xV,Stay,Eminem,Indie,53,211603,Yes,0.647,0.824,80.2,2019-11-09
3n3Pp324345xV,Dynamite,Coldplay,Pop,69,170664,true,0.851,0.625,139.9,2025-10-01
3n3Pp167348xV,HUMBLE.,Coldplay,Indie,92,270348,False,0.698,0.575,138.0,2016-05-19
3n3Pp535020xV,SICKO MODE,Ed Sheeran,Rock,97,266441,False,0.65,0.795,90.7,2025-06-27
3n3Pp527398xV,SICKO MODE,Travis Scott,Pop,92,267466,False,0.827,0.852,175.6,2019-03-15
3n3Pp446954xV,Circles,Bad Bunny,,97,173073,True,0.678,0.348,92.9,2022-01-15
3n3Pp668969xV,Shape of You,Ed Sheeran,Rock,61,280667,False,0.804,0.454,134.6,2015-08-02
3n3Pp588557xV,  Umbrella ,Billie Eilish,Indie,57,267196,True,0.886,0.561,76.5,2020-08-21
3n3Pp535970xV,Anti-Hero,Eminem,Rock,50,232853,No,0.741,0.769,130.2,2023
3n3Pp165290xV,Dynamite,Justin Bieber,Rock,95,181118,True,0.6,0.83,156.2,2015-10-03
3n3Pp316881xV,Uptown Funk,Maroon 5,Indie,58,280383,True,0.741,0.382,172.5,2019
3n3Pp973349xV,Uptown Funk,ed sheeran,K-Pop,94,154658,False,0.576,0.664,161.9,2020-02-15
3n3Pp540552xV,Dynamite,Drake,EDM,50,176907,False,0.435,0.974,126.9,2017-05-25
3n3Pp508396xV,Bléeding Love,Justin Bieber,Rock,60,255759,True,,0.527,98.6,2019-05-28
3n3Pp907189xV,Shape of You,Kendrick Lamar,EDM,81,258092,False,0.85,0.506,96.3,2022-03-08
3n3Pp712451xV,7 rings,Rihanna,Reggaeton,72,159393,True,0.504,0.338,174.3,2025-03-05
3n3Pp829308xV,SICKO MODE,Doja Cat,Pop,83,296048,False,0.776,0.978,160.4,2024-11-02
3n3Pp120480xV,Bad Guy,Doja Cat,K-Pop,83,293942,False,0.821,0.74,103.0,2018-02-21
3n3Pp998348xV,Lose Yourself,Rihanna,Pop,100,150044,No,0.485,0.548,153.4,2015-03-22
3n3Pp902784xV,Levitating,Doja Cat,Hip-Hop,96,173827,False,0.556,0.88,115.1,2023-08-19
3n3Pp703655xV,One Dance,Maroon 5,K-Pop,66,229848,False,0.625,0.531,120.3,2020-01-18
3n3Pp498858xV,,Dua Lipa,Pop,60,283257,False,0.577,0.872,96.7,2018
3n3Pp600149xV,Yellow,,Rap,73,297412,False,0.453,0.817,97.6,2019-05-01
3n3Pp106182xV,One Dance,Ed Sheeran,Hip-Hop,58,204224,False,0.762,0.497,161.5,2025-06-18
3n3Pp468845xV,Dynamite,Rihanna,Reggaeton,97,269592,true,0.424,0.438,151.3,2015-10-08
3n3Pp413118xV,Lose Yourself,Drake,R&B,99,239352,true,0.916,0.677,94.9,2020-02-03
3n3Pp890075xV,Anti-Hero,Kendrick Lamar,Indie,67,245248,False,0.498,0.958,93.9,2023-08-04
3n3Pp508930xV,Bad Guy,Rihanna,Rock,96,164227,True,0.417,0.749,158.2,2023-02-08
3n3Pp994905xV,7 rings,Post Malone,K-Pop,57,208436,False,0.459,0.503,78.0,2018-06-19
3n3Pp976325xV,Sugar,Billie Eilish,Pop,99,269133,False,0.505,0.565,177.5,2020-11-14
3n3Pp539375xV,Sugar,Doja Cat,Pop,51,237024,False,0.417,0.373,99.7,2016-11-14
3n3Pp664365xV,Anti-Hero,Taylor Swift,Rock,71,296840,True,0.753,0.768,122.4,2019-03-01
3n3Pp883826xV,One Dance,Coldplay,,77,274029,No,0.614,0.631,101.1,2020-10-26
3n3Pp870319xV,Lose Yourself,Beyoncé,R&B,67,245235,True,0.669,0.902,136.2,2020-06-14
3n3Pp672661xV,Say So,Drake,Reggaeton,83,268628,True,0.743,0.598,143.0,2025-06-16
3n3Pp938722xV,Dynamite,Post Malone,Rock,54,179890,Yes,0.725,0.429,84.0,2019-10-01
3n3Pp732556xV,Lose Yourself,Rihanna,R&B,66,175542,True,0.427,0.324,124.2,2017-06-02
3n3Pp331251xV,HUMBLE.,Rihanna,Reggaeton,95,208129,True,0.521,0.317,166.5,2019-03-19
3n3Pp611945xV,Lose Yourself,Taylor Swift,K-Pop,86,150575,True,0.795,0.978,177.3,2015-02-20
3n3Pp330080xV,  Levitating ,Taylor Swift,Rap,90,239484,False,0.407,0.462,116.7,2018-06-17
3n3Pp386193xV,Circles,Coldplay,Rock,54,243097,False,0.907,0.564,97.3,2023-10-23
3n3Pp557007xV,Blinding Lights,Post Malone,Reggaeton,81,226541,True,0.761,0.839,115.3,2020-04-13
3n3Pp609232xV,Lose Yourself,Drake,Rock,79,293573,False,0.911,0.738,119.4,2024-01-22
3n3Pp130434xV,Lose Yourself,Drake,Pop,82,286835,True,,0.64,137.7,2017-07-25
3n3Pp507746xV,Tití Me Preguntó,Maroon 5,Reggaeton,73,248013,False,0.657,0.956,82.7,2025-02-03
3n3Pp452457xV,HUMBLE.,Maroon 5,R&B,53,177871,False,0.751,0.852,133.5,2018-10-17
3n3Pp801364xV,  SICKO MODE ,Beyoncé,Hip-Hop,81,162000,True,0.599,0.957,80.5,2024-11-18
3n3Pp812131xV,Sugar,Ariana Grande,Pop,86,193032,False,0.809,0.311,172.8,2021-09-24
3n3Pp936912xV,Lose Yourself,Rihanna,Reggaeton,60,279085,True,0.89,0.531,124.4,2016-09-26
3n3Pp523956xV,7 rings,Doja Cat,EDM,73,186817,True,0.852,0.53,112.2,2015-10-16
3n3Pp859359xV,SICKO MODE,BTS,Hip-Hop,60,257272,True,0.837,0.79,138.7,2025-09-17
3n3Pp273061xV,Dynamite,Taylor Swift,K-Pop,66,178039,False,0.432,0.576,145.4,2022-06-09
3n3Pp981334xV,Levitating,Rihanna,Rock,99,216660,False,0.739,0.444,159.2,2018-10-10
3n3Pp590094xV,Circles,Doja Cat,R&B,56,201359,True,0.691,0.745,149.5,2018-06-08
3n3Pp233827xV,7 rings,Eminem,Indie,86,199163,True,0.804,0.656,160.0,2020-04-15
3n3Pp752483xV,Umbrella,Dua Lipa,Rock,93,181652,False,0.859,0.939,75.6,2020-12-04
3n3Pp660069xV,Dynamite,Maroon 5,K-Pop,96,252995,True,0.443,0.892,128.0,2018-08-24
3n3Pp128276xV,Yellow,Kendrick Lamar,K-Pop,57,206515,True,0.519,0.665,115.0,2021-06-03
3n3Pp513160xV,Circles,Beyoncé,Reggaeton,64,269811,True,0.686,0.804,177.6,2020-09-17
3n3Pp720644xV,Bad Guy,Ed Sheeran,Rap,97,199959,True,0.456,0.458,145.5,2016-06-21
3n3Pp691807xV,Yellow,Taylor Swift,EDM,82,238587,False,0.527,0.349,88.9,2022-10-08
3n3Pp795205xV,Bléeding Love,rihanna,Hip-Hop,50,178250,True,0.612,0.8,168.7,2022-07-08
3n3Pp128418xV,HUMBLE.,Bad Bunny,Hip-Hop,52,258650,False,0.506,0.632,79.3,2024-03-18
3n3Pp188025xV,Umbrella,Dua Lipa,Reggaeton,50,162189,True,0.761,0.313,93.8,2018-07-22
3n3Pp773971xV,Tití Me Preguntó,Drake,Reggaeton,65,182301,False,0.714,0.917,92.8,2024-11-05
3n3Pp549433xV,HUMBLE.,,Rock,52,268097,False,0.921,0.72,126.7,2024-05-26
3n3Pp242291xV,Levitating,Justin Bieber,Rock,80,269901,False,0.707,0.465,110.6,2019-06-11
3n3Pp584125xV,Lose Yourself,,Rap,73,282172,true,0.707,0.741,124.1,2016-02-14
3n3Pp290556xV,Yellow,Travis Scott,EDM,74,185294,False,0.81,0.31,84.4,2021-09-05
3n3Pp152727xV,,Rihanna,K-Pop,59,280764,True,0.821,0.73,149.6,2024-08-21
3n3Pp372793xV,Uptown Funk,rihanna,,61,151137,true,0.717,0.915,120.5,2018-03-15
3n3Pp497519xV,Anti-Hero,,EDM,52,289031,True,0.771,0.858,102.3,2015-03-04
3n3Pp443254xV,Say So,Beyoncé,Rock,85,162732,True,0.786,0.366,107.9,2021-05-25
3n3Pp321941xV,SICKO MODE,Maroon 5,Pop,95,295024,False,0.635,0.716,177.7,2023-12-16
3n3Pp576786xV,Shape of You,Justin Bieber,,97,263458,False,0.457,0.868,127.4,2016-03-28
3n3Pp442722xV,Blinding Lights,Coldplay,Rap,91,276597,False,0.836,0.343,177.2,2015-07-01
3n3Pp453894xV,Bad Guy,Coldplay,R&B,76,283256,Yes,0.702,0.856,104.5,2017-02-05
3n3Pp898207xV,Dynamite,Post Malone,Reggaeton,64,196452,False,0.678,0.378,112.9,2023-09-13
3n3Pp497542xV,Say So,Ariana Grande,K-Pop,70,195521,True,0.762,0.705,120.2,2021-06-05
3n3Pp391773xV,Say So,Bruno Mars,Rock,65,183654,Yes,0.694,0.719,169.8,2021-12-18
3n3Pp888539xV,Uptown Funk,,Pop,76,177146,False,0.73,0.343,102.6,2018-12-10
3n3Pp972335xV,Circles,Maroon 5,R&B,96,251556,No,0.913,0.438,162.1,2016-06-27
3n3Pp542042xV,Shape of You,Taylor Swift,Reggaeton,70,234369,False,0.896,0.529,172.3,2020-10-20
3n3Pp364525xV,Lose Yourself,Dua Lipa,Rap,67,282149,True,0.703,0.868,129.3,2024-02-24
3n3Pp975467xV,Levitating,Drake,Indie,54,250837,False,0.948,0.802,120.8,2015-02-24
3n3Pp185884xV,SICKO MODE,Dua Lipa,Rock,86,259750,False,0.865,0.573,92.3,00-00-0000
3n3Pp593152xV,7 rings,Bad Bunny,Hip-Hop,73,215074,true,0.627,0.382,152.4,2025-08-24
3n3Pp120324xV,Say So,BTS,Indie,57,221721,False,0.748,0.765,126.6,2021-05-25
3n3Pp885408xV,SICKO MODE,Ariana Grande,Hip-Hop,82,254299,True,0.854,0.671,174.8,2022-12-05
3n3Pp665621xV,HUMBLE.,Post Malone,Reggaeton,93,239878,False,0.578,0.519,133.3,2017-12-25
3n3Pp154615xV,Dynamite,Billie Eilish,Rap,53,227115,true,0.532,0.956,171.9,2024
3n3Pp466960xV,Levitating,Maroon 5,EDM,61,268710,False,0.7,0.445,141.8,2017-01-19
3n3Pp335113xV,  Bad Guy ,Ed Sheeran,Rap,64,184962,False,0.606,0.331,121.2,2024-06-22
3n3Pp781725xV,,Dua Lipa,K-Pop,83,186223,True,0.703,0.418,94.8,2025-08-13
3n3Pp171951xV,HUMBLE.,Drake,Indie,52,258198,True,0.81,0.343,80.7,2020-08-06
3n3Pp919182xV,Umbrella,Doja Cat,Rap,75,284294,False,0.598,0.486,94.2,2023-12-19
3n3Pp783414xV,Stay,Ed Sheeran,Indie,54,228358,True,0.649,0.815,124.4,2019-02-08
3n3Pp142213xV,Yellow,Coldplay,Reggaeton,79,293604,False,0.928,0.414,92.2,2019-08-11
3n3Pp890870xV,Stay,Post Malone,K-Pop,68,232289,False,0.4,0.552,124.0,2015-10-17
3n3Pp132537xV,Shape of You,Ariana Grande,K-Pop,99,295118,True,0.419,0.412,87.2,2023-10-17
3n3Pp359295xV,Dynamite,Ed Sheeran,Rap,69,206975,Yes,0.556,0.466,169.0,2021-05-11
3n3Pp309044xV,HUMBLE.,maroon 5,Indie,70,202661,No,0.409,0.696,127.0,2021-06-25
3n3Pp979995xV,Stay,Drake,Indie,55,204974,False,0.474,0.391,121.4,2017-03-02
3n3Pp121369xV,Dynamite,Post Malone,Indie,85,226173,Yes,0.89,0.838,178.8,2018-07-17
3n3Pp751517xV,Anti-Hero,bts,R&B,79,240516,True,0.404,0.73,133.9,2019-10-20
3n3Pp259784xV,Bléeding Love,Ariana Grande,EDM,50,184779,True,0.941,0.556,123.1,2020-02-12
3n3Pp350132xV,Anti-Hero,Dua Lipa,Pop,73,196612,False,0.518,0.407,86.8,2019-03-04
3n3Pp232352xV,One Dance,Ed Sheeran,Rock,62,282092,Yes,0.573,0.898,150.6,2019-05-16
3n3Pp596564xV,Anti-Hero,Beyoncé,Rock,68,292210,False,0.824,0.355,90.5,2022-04-06
3n3Pp801978xV,,Drake,Rock,86,234510,True,0.919,0.305,111.7,2019-05-20
3n3Pp219946xV,Uptown Funk,Bruno Mars,Indie,100,180252,True,0.852,0.93,96.4,2016-04-22
3n3Pp691364xV,Shape of You,Beyoncé,Rock,69,242337,False,0.906,0.781,104.8,00-00-0000
3n3Pp328552xV,,Coldplay,EDM,97,297398,True,0.681,0.704,162.7,2018
3n3Pp587623xV,One Dance,The Weeknd,Rock,89,275926,False,0.714,0.493,153.7,2023-03-01
3n3Pp833442xV,Shape of You,Coldplay,R&B,65,299589,False,0.714,0.772,161.4,2024-01-18
3n3Pp368690xV,Blinding Lights,Post Malone,EDM,79,259439,False,0.452,0.839,134.1,2023-04-01
3n3Pp904150xV,Lose Yourself,Justin Bieber,EDM,73,289959,False,0.653,0.624,144.6,2022-01-12
3n3Pp486814xV,Bléeding Love,Eminem,Reggaeton,87,224954,False,0.486,0.386,97.3,2018-05-19
3n3Pp275939xV,Umbrella,Dua Lipa,K-Pop,81,260726,False,0.546,0.397,179.8,2021-12-15
3n3Pp735324xV,Yellow,Kendrick Lamar,R&B,99,153347,True,0.889,0.484,75.4,00-00-0000
3n3Pp736745xV,Anti-Hero,eminem,Rap,99,287030,No,0.537,0.606,155.5,2022-05-04
3n3Pp884256xV,Sugar,Travis Scott,Hip-Hop,62,177910,true,0.541,0.463,94.0,2016-08-14
3n3Pp853252xV,  Sugar ,Ed Sheeran,Reggaeton,96,156624,False,0.565,0.419,171.6,2022-05-03
3n3Pp220096xV,HUMBLE.,Ed Sheeran,Hip-Hop,84,249842,False,0.714,0.77,100.8,2017-05-24
3n3Pp915573xV,HUMBLE.,Drake,R&B,98,188096,Yes,0.713,0.705,127.3,2025-02-12
3n3Pp959099xV,Blinding Lights,Post Malone,Indie,100,163910,True,0.52,0.788,84.9,2016-12-26
3n3Pp271720xV,Blinding Lights,Bad Bunny,Rap,65,164838,False,0.442,0.716,109.5,2018-12-03
3n3Pp426147xV,Dynamite,Beyoncé,K-Pop,59,202403,False,0.579,0.36,104.8,2020-03-17
3n3Pp213349xV,Dynamite,BTS,Rock,50,219986,True,,0.862,178.0,00-00-0000
3n3Pp706794xV,Uptown Funk,Beyoncé,Pop,76,192188,False,0.669,0.505,87.8,2025-12-17
3n3Pp126925xV,Blinding Lights,Taylor Swift,Indie,51,225134,True,0.894,0.585,114.2,2025
3n3Pp427110xV,Blinding Lights,Dua Lipa,Rap,64,215683,True,0.787,0.679,172.6,2020-01-14
3n3Pp703766xV,Bléeding Love,Maroon 5,K-Pop,84,188385,Yes,0.851,0.43,86.1,2016
3n3Pp810250xV,Bad Guy,Ed Sheeran,EDM,72,166261,False,0.452,0.971,109.0,2023-06-07
3n3Pp493537xV,Dynamite,,Indie,90,227369,True,0.753,0.964,78.0,2023-11-27
3n3Pp515922xV,Circles,Ariana Grande,Indie,94,203477,True,0.421,0.721,123.3,2025-01-21
3n3Pp849747xV,Blinding Lights,ed sheeran,EDM,50,unknown,False,0.845,0.887,149.3,2025-01-08
3n3Pp307963xV,Bléeding Love,Justin Bieber,EDM,71,158468,False,0.61,0.971,125.4,2017-10-13
3n3Pp179688xV,Uptown Funk,Justin Bieber,K-Pop,50,244026,False,0.829,0.645,141.0,2018-11-07
3n3Pp720859xV,Stay,Maroon 5,Indie,98,268644,True,0.907,0.616,103.3,2019-08-05
3n3Pp824161xV,Tití Me Preguntó,Justin Bieber,K-Pop,92,176864,True,0.584,0.726,144.1,2022-03-24
3n3Pp970917xV,Tití Me Preguntó,Rihanna,R&B,74,297294,true,0.884,0.442,109.6,2022-05-05
3n3Pp757711xV,Bléeding Love,Taylor Swift,EDM,97,208800,False,0.639,0.336,79.6,2018-11-03
3n3Pp354646xV,Shape of You,Bruno Mars,Pop,96,297133,False,0.912,0.377,140.3,2023-12-24
3n3Pp206851xV,SICKO MODE,Coldplay,Reggaeton,69,251944,True,0.466,0.401,122.6,2018-01-14
3n3Pp831059xV,Lose Yourself,Travis Scott,Indie,56,212284,False,0.824,0.874,174.5,00-00-0000
3n3Pp910004xV,Sugar,Rihanna,Rock,63,283935,False,0.811,0.92,180.0,2024
3n3Pp416232xV,Bléeding Love,maroon 5,R&B,83,225402,False,0.867,0.638,170.2,2017-01-14
3n3Pp991597xV,,Post Malone,,65,unknown,True,0.911,0.409,158.7,2019-10-13
3n3Pp817497xV,Yellow,Rihanna,K-Pop,76,unknown,False,0.749,0.927,88.6,2025-10-08
3n3Pp729577xV,Bad Guy,Travis Scott,Hip-Hop,81,251595,False,0.748,0.337,165.6,2025-06-16
3n3Pp944657xV,7 rings,bts,R&B,53,259200,False,0.43,0.548,159.2,2023-11-06
3n3Pp226935xV,One Dance,Travis Scott,Rap,59,231960,True,0.688,0.443,104.7,2019-04-10
3n3Pp934904xV,Yellow,Post Malone,Rap,95,294736,True,0.576,0.471,158.8,2025-08-16
3n3Pp693423xV,7 rings,kendrick lamar,Rap,67,164103,True,0.711,0.719,153.1,2025-07-20
3n3Pp920652xV,Umbrella,eminem,Hip-Hop,55,153398,No,0.58,0.905,132.5,2020
3n3Pp143064xV,Say So,Coldplay,R&B,52,215887,True,0.784,0.608,138.2,2019-02-08
3n3Pp464069xV,,Doja Cat,Rock,64,203238,True,0.484,0.371,84.7,2016-05-14
3n3Pp658623xV,SICKO MODE,Rihanna,Hip-Hop,83,266146,False,0.77,0.336,101.8,2022-06-08
3n3Pp549186xV,Circles,Rihanna,Hip-Hop,76,209126,True,0.949,0.665,100.2,2025-07-04
3n3Pp793655xV,One Dance,Post Malone,Hip-Hop,94,246401,True,0.934,0.407,155.9,2017-08-11
3n3Pp488571xV,Anti-Hero,ariana grande,K-Pop,73,293291,True,0.814,0.32,116.9,2025-02-12
3n3Pp172306xV,One Dance,Beyoncé,Pop,79,201503,False,0.716,0.65,77.2,2021-12-05
3n3Pp630538xV,7 rings,beyoncé,Rap,97,200724,False,0.45,0.348,96.9,2022-08-20
3n3Pp778998xV,7 rings,Bruno Mars,Rock,55,227116,True,0.638,0.46,115.8,2021-11-08
3n3Pp457806xV,7 rings,Justin Bieber,K-Pop,87,267654,False,0.833,0.602,117.3,2015-05-09
3n3Pp113266xV,Dynamite,Eminem,Rock,56,196511,Yes,0.481,0.694,143.0,2023-04-28
3n3Pp990844xV,HUMBLE.,Maroon 5,K-Pop,82,169521,False,0.585,0.585,175.2,2021-01-18
3n3Pp540463xV,Anti-Hero,Ed Sheeran,R&B,58,199014,False,0.662,0.808,91.2,2020-05-22
3n3Pp962276xV,Blinding Lights,Billie Eilish,R&B,90,195559,False,0.81,0.911,106.3,2020-07-13
3n3Pp614013xV,Stay,Taylor Swift,R&B,75,284701,No,0.701,0.456,159.1,2022-07-13
3n3Pp210665xV,  One Dance ,Kendrick Lamar,Rock,54,181287,Yes,0.544,0.375,152.3,2019-01-09
3n3Pp554582xV,HUMBLE.,Coldplay,Reggaeton,87,248880,True,0.619,0.455,171.8,2022-12-08
3n3Pp479781xV,Uptown Funk,BTS,Rap,86,160652,True,0.639,0.461,169.9,2020-11-27
3n3Pp766459xV,Levitating,Bad Bunny,,53,262330,True,0.784,0.581,138.4,2015-05-15
3n3Pp968962xV,Say So,Beyoncé,Pop,77,223167,No,0.819,0.436,112.7,2021-04-19
3n3Pp582071xV,Tití Me Preguntó,Bad Bunny,R&B,92,295908,False,0.665,0.906,85.1,2017-09-07
3n3Pp841666xV,Bléeding Love,,R&B,58,219268,True,0.509,0.35,113.6,2025
3n3Pp260422xV,Anti-Hero,Drake,K-Pop,65,184096,False,0.617,0.698,96.0,2024
3n3Pp556641xV,SICKO MODE,Justin Bieber,EDM,68,192186,True,0.714,0.337,121.8,2024-09-01
3n3Pp284692xV,Lose Yourself,Billie Eilish,EDM,66,216850,False,0.709,0.596,115.7,2015-07-03
3n3Pp869440xV,Say So,Rihanna,Pop,70,151479,True,,0.447,103.2,2020-06-25
3n3Pp647091xV,HUMBLE.,Beyoncé,Indie,75,236655,False,0.688,0.714,138.0,2023-02-21
3n3Pp782054xV,,Ed Sheeran,Rap,94,272245,Yes,0.533,0.421,84.5,2015-09-07
3n3Pp383201xV,Anti-Hero,Bruno Mars,Reggaeton,97,190581,True,0.546,0.554,119.4,2020-09-07
3n3Pp745830xV,  One Dance ,Drake,EDM,70,160470,No,0.637,0.611,113.7,2017-09-13
3n3Pp947458xV,Bad Guy,Travis Scott,Rock,70,190292,true,0.777,0.432,94.6,2018-05-26
3n3Pp664315xV,Dynamite,Rihanna,Rock,78,234575,Yes,0.717,0.544,141.2,2017-06-11
3n3Pp912270xV,Say So,Coldplay,Rock,67,163331,True,0.462,0.483,84.8,2021-04-18
3n3Pp606983xV,Anti-Hero,The Weeknd,Indie,64,228945,True,0.627,0.528,128.9,2018-01-02
3n3Pp587455xV,Stay,Bruno Mars,Rock,54,278594,False,0.601,0.322,177.2,2015
3n3Pp556732xV,Levitating,Taylor Swift,Rap,62,294221,True,0.505,0.687,146.0,2023-07-26
3n3Pp965845xV,Blinding Lights,Ariana Grande,Rap,58,243869,False,0.589,0.491,143.0,2022-01-06
3n3Pp866536xV,Lose Yourself,,,99,169105,True,0.76,0.376,149.9,2019-05-01
3n3Pp721254xV,Say So,Coldplay,Indie,99,233324,True,0.823,0.617,172.7,2018-11-25
3n3Pp381433xV,Shape of You,Travis Scott,K-Pop,87,287729,No,0.493,0.584,130.4,2018-01-09
3n3Pp437960xV,,Ariana Grande,Hip-Hop,56,207661,No,0.592,0.817,143.0,2016-07-21
3n3Pp993085xV,One Dance,Drake,K-Pop,59,198200,True,0.852,0.45,83.8,2021-03-27
3n3Pp357420xV,Circles,Coldplay,Rock,56,286473,true,0.842,0.501,124.2,2019-02-03
3n3Pp971084xV,Stay,Travis Scott,EDM,60,167872,True,0.743,0.407,83.3,2016-09-24
3n3Pp190872xV,Say So,The Weeknd,EDM,78,282419,False,0.642,0.84,159.2,2021-01-01
3n3Pp392477xV,SICKO MODE,Dua Lipa,Rock,79,191778,False,0.908,0.948,106.5,2023-10-05
3n3Pp572700xV,Say So,Bad Bunny,Indie,70,259033,False,0.528,0.916,178.3,2016-12-19
3n3Pp355709xV,7 rings,Dua Lipa,,76,292365,True,0.777,0.693,146.9,2021-04-27
3n3Pp886931xV,Dynamite,Ed Sheeran,Rap,57,290780,True,0.486,0.676,106.5,2024-05-26
3n3Pp587282xV,Levitating,Ed Sheeran,Pop,84,255753,False,0.801,0.456,101.1,2020-07-17
3n3Pp697530xV,7 rings,Taylor Swift,K-Pop,72,174102,False,0.447,0.58,119.9,2015
3n3Pp739979xV,Shape of You,Post Malone,Reggaeton,99,241593,False,0.807,0.655,134.7,2022-04-04
3n3Pp800646xV,One Dance,Kendrick Lamar,Reggaeton,63,207985,True,0.534,0.886,132.9,2019-11-19
3n3Pp497399xV,Bléeding Love,Ed Sheeran,R&B,78,205929,False,0.742,0.447,171.3,2022-07-10
3n3Pp423232xV,,Maroon 5,Rap,76,unknown,False,0.648,0.394,137.1,2015-10-12
3n3Pp227253xV,,The Weeknd,Hip-Hop,50,177187,False,0.598,0.711,172.3,2015-12-08
3n3Pp940346xV,,Justin Bieber,Rap,52,299145,False,0.935,0.741,171.4,2019-01-11
3n3Pp100425xV,,Doja Cat,Rap,90,220772,False,0.702,0.461,116.7,2015-12-06
3n3Pp712024xV,,Post Malone,Hip-Hop,60,285074,False,0.721,0.443,154.9,2020-12-01
3n3Pp934692xV,,Ed Sheeran,Hip-Hop,70,192040,No,0.548,0.48,159.6,2017-07-27
3n3Pp552248xV,,drake,Rock,57,155013,True,0.879,0.69,163.8,2021
3n3Pp975136xV,,Taylor Swift,Hip-Hop,93,159258,True,0.927,0.707,126.5,2022-12-10
3n3Pp152727xV,,Rihanna,K-Pop,59,280764,True,0.821,0.73,149.6,2024-08-21
3n3Pp774079xV,,Rihanna,Hip-Hop,88,164724,True,0.484,0.946,134.6,2025-06-05
3n3Pp498858xV,,Dua Lipa,Pop,60,283257,False,0.577,0.872,96.7,2018
3n3Pp793384xV,,Post Malone,Indie,100,223341,False,0.555,0.69,152.4,2022-02-16
3n3Pp414910xV,,BTS,Rock,56,159794,True,0.639,0.477,107.6,2021-03-01
3n3Pp782054xV,,Ed Sheeran,Rap,94,272245,Yes,0.533,0.421,84.5,2015-09-07
3n3Pp991597xV,,Post Malone,,65,unknown,True,0.911,0.409,158.7,2019-10-13
3n3Pp801978xV,,Drake,Rock,86,234510,True,0.919,0.305,111.7,2019-05-20
3n3Pp132938xV,,Post Malone,R&B,69,230832,True,0.907,0.443,125.5,2021-01-18
3n3Pp781725xV,,Dua Lipa,K-Pop,83,186223,True,0.703,0.418,94.8,2025-08-13
3n3Pp371782xV,,Post Malone,R&B,55,286078,True,0.596,0.853,149.9,2022-02-01
3n3Pp939482xV,,The Weeknd,Rock,63,228342,Yes,0.821,0.473,104.5,2021-02-07
3n3Pp531712xV,,Coldplay,Rap,54,273789,No,0.861,0.301,144.1,2020-07-19
3n3Pp680099xV,,Drake,Reggaeton,94,230431,true,0.76,0.826,172.4,2023-12-27
3n3Pp262316xV,,Doja Cat,Rap,76,277293,False,0.73,0.553,76.1,2015-03-22
3n3Pp815198xV,,Doja Cat,Rock,99,175586,True,,0.608,137.0,2023-03-25
3n3Pp269396xV,,post malone,Rap,55,260009,False,0.757,0.409,177.5,2017-11-15
3n3Pp658582xV,,Billie Eilish,Hip-Hop,82,169661,False,0.683,0.636,118.5,2022
3n3Pp765822xV,,Post Malone,Rap,60,223644,False,0.447,0.399,94.8,2015-09-23
3n3Pp437960xV,,Ariana Grande,Hip-Hop,56,207661,No,0.592,0.817,143.0,2016-07-21
3n3Pp328552xV,,Coldplay,EDM,97,297398,True,0.681,0.704,162.7,2018
3n3Pp464069xV,,Doja Cat,Rock,64,203238,True,0.484,0.371,84.7,2016-05-14
